# Object Export From Tinkercad Server 2015

mtllib obj.mtl

o obj_0
v 2.83 		20.815 		1.0618
v 6.536 		7.0605 		1.166
v 4.533 		15.5967 		0.5222
v 2.957 		21.4448 		0.9542
v 0.011 		1.616 		0.0322
v -5.921 		-3.0081 		0.3322
v 2.957 		-4.8669 		0.1162
v 0.011 		-19.3338 		0.1776
v 0.053 		1.4796 		0.0322
v 4.036 		-5.2711 		0.1776
v 2.83 		14.9175 		1.356
v 0.003 		-19.3415 		0.1776
v -6.647 		-3.0081 		0.4239
v 0.0065 		-19.3381 		0.1776
v 0.241 		0.6778 		0.0322
v 0.011 		1.3681 		0.0311
v 0.0065 		1.3779 		0.0312
v 3 		21.6562 		0.8441
v 4.124 		14.4323 		1.2643
v 0.33 		-19.0256 		0.1776
v 0.011 		1.3957 		0.0312
v 2.957 		21.4448 		0.734
v 0.566 		-2.0463 		1.656
v -1.523 		-20.4484 		0.2499
v 0.011 		1.3877 		0.0313
v -7.226 		-3.0081 		1.166
v 0.003 		1.3703 		0.0311
v -7.646 		-3.0081 		1.0618
v -0.317 		-19.0256 		1.5106
v 0.003 		-18.3266 		1.5296
v 2.83 		20.815 		0.6264
v 0.0065 		1.4031 		0.0313
v 0.003 		-19.3347 		1.5106
v 0.003 		-20.4564 		1.4833
v -1.031 		-18.0222 		1.5106
v -7.646 		-3.0081 		0.6264
v 0.011 		1.4105 		0.0314
v 0.003 		1.3974 		0.0312
v -7.226 		-3.0081 		0.5222
v 6.536 		7.0605 		0.5222
v 0.566 		-2.0463 		0.0322
v 4.124 		14.4323 		0.4239
v 6.001 		6.4307 		0.4239
v 0.5 		23.5632 		1.0618
v -0.228 		0.6778 		1.656
v 0.566 		-3.9698 		1.656
v 1.794 		23.078 		0.9542
v 0.003 		-20.4679 		1.4829
v 0.588 		-3.0081 		1.656
v 5.33 		5.6387 		0.3322
v 0.566 		24.2654 		0.9542
v 2.83 		14.9175 		0.3322
v -0.04 		1.4796 		1.656
v 0.003 		1.3572 		1.657
v 1.827 		-3.0081 		1.6207
v -7.901 		-3.0081 		0.9542
v 0.003 		-20.5317 		1.481
v 0.003 		-20.5317 		1.4809
v -7.987 		-3.0081 		0.8441
v 0.003 		1.3856 		1.6569
v 3.272 		5.6606 		1.5106
v 5.33 		13.0094 		1.166
v 0.003 		-20.5317 		0.2073
v 0.0065 		-20.4622 		1.4831
v 0.011 		-20.4547 		1.4834
v 1.827 		23.3036 		0.8441
v 0.011 		-20.4696 		1.4828
v 4.124 		7.0605 		1.4383
v 5.663 		13.7378 		1.0618
v 1.827 		-3.0081 		0.0675
v 0.588 		24.5009 		0.8441
v 0.566 		-3.9698 		0.0322
v -0.317 		-19.0256 		0.1776
v -0.228 		0.6778 		0.0322
v 1.794 		23.078 		0.734
v 0.588 		-3.0081 		0.0322
v -7.901 		-3.0081 		0.734
v 0.003 		-19.3347 		0.1776
v 0.566 		24.2654 		0.734
v 4.124 		7.0605 		0.2499
v -1.031 		-18.0222 		0.1776
v 5.663 		13.7378 		0.6264
v 3.272 		5.6606 		0.1776
v 5.33 		13.0094 		0.5222
v -5.853 		-5.9568 		1.356
v 0.011 		-21.4578 		1.4383
v 0.5 		23.5632 		0.6264
v -6.573 		-6.2274 		1.2643
v 4.533 		4.6989 		1.4383
v 0.0065 		-2.4731 		1.6653
v 0.011 		-2.4765 		1.6654
v 0.0065 		-21.4555 		1.4383
v 0.011 		-2.2576 		1.6653
v 0.0065 		-2.2559 		1.6653
v 0.011 		-21.4532 		1.4383
v 0.003 		-21.4573 		1.4383
v 0.011 		-2.4696 		1.6653
v 0.011 		-2.2542 		1.6652
v 0.011 		23.0464 		1.1301
v 0.0065 		23.039 		1.1305
v 0.003 		-2.4757 		1.6654
v 0.011 		23.8454 		1.0618
v 4.871 		12.0061 		1.2643
v 0.003 		-19.3415 		1.5106
v 0.003 		-18.3113 		1.53
v 0.0065 		-21.6566 		1.4263
v 0.011 		-21.6538 		1.4266
v 0.011 		23.0316 		1.131
v 0.003 		-2.2573 		1.6653
v 0.003 		23.0448 		1.1302
v 0.011 		-21.6594 		1.426
v 0.0065 		23.8429 		1.0618
v 0.003 		-21.6544 		1.4265
v 0.011 		23.8404 		1.0618
v 0.003 		23.8449 		1.0618
v 4.533 		4.6989 		0.2499
v -0.04 		1.4796 		0.0322
v 0.011 		24.1508 		1.0174
v 0.011 		24.5849 		0.9542
v 0.0065 		24.5824 		0.9542
v 0.0065 		24.1455 		1.0178
v -6.573 		-6.2274 		0.4239
v 0.011 		-2.2576 		0.0229
v 0.011 		-2.7883 		0.0227
v 0.0065 		-21.4555 		0.2499
v 0.0065 		-2.79 		0.0227
v 0.011 		-21.4578 		0.2499
v 0.0065 		-2.2559 		0.0229
v 0.003 		1.3856 		0.0313
v 0.011 		24.1402 		1.0182
v 0.011 		24.5798 		0.9542
v 0.003 		24.5844 		0.9542
v 0.003 		24.1496 		1.0175
v 0.011 		-2.2542 		0.023
v 0.011 		-2.7917 		0.0228
v 0.011 		-21.4532 		0.2499
v 0.003 		1.4089 		0.0314
v 0.003 		-2.7887 		0.0227
v 0.003 		-2.2573 		0.0229
v 0.003 		-21.4573 		0.2499
v -5.853 		-5.9568 		0.3322
v 0.003 		1.3372 		1.6572
v 0.003 		1.3703 		1.6571
v 0.011 		-2.0463 		0.0231
v 0.0065 		-2.0463 		0.0232
v 4.871 		12.0061 		0.4239
v 0.011 		-2.0463 		0.0232
v 0.0065 		-20.9026 		0.2243
v 0.011 		-20.919 		0.225
v 0.011 		24.696 		0.905
v 0.0065 		24.6926 		0.9054
v -1.523 		1.1631 		1.6207
v 0.003 		-2.0463 		0.0231
v 0.011 		24.8331 		0.8441
v 0.011 		-20.8862 		0.2237
v 0.011 		24.6891 		0.9057
v 0.003 		-20.9154 		0.2249
v 3.61 		12.9689 		1.356
v -1.954 		-11.6768 		1.572
v -2.606 		-8.4575 		1.572
v 1.967 		5.6606 		1.572
v -0.553 		-2.0463 		1.656
v 0.003 		-2.4704 		1.6653
v -2.817 		-6.694 		1.572
v 1.536 		7.0605 		1.572
v -3.259 		-11.6768 		1.5106
v -0.693 		-21.0969 		1.4383
v 0.003 		-2.2546 		1.6652
v -1.523 		1.1631 		0.0675
v 0.003 		-21.4537 		1.4383
v 0.003 		24.6952 		0.905
v -3.259 		-11.6768 		0.1776
v 0.0065 		24.8305 		0.8441
v 0.003 		-21.6588 		1.426
v 0.011 		24.828 		0.8441
v 0.003 		24.8325 		0.8441
v 0.5 		-1.1 		1.656
v 3.61 		12.9689 		0.3322
v -1.954 		-11.6768 		0.1162
v 0.011 		24.7206 		0.7942
v 0.011 		24.5849 		0.734
v 0.0065 		24.5824 		0.734
v 1.794 		-1.5852 		1.6207
v 0.0065 		24.7189 		0.7946
v 1.696 		-0.1875 		1.6207
v -0.693 		-21.0969 		0.2499
v 0.003 		-21.4537 		0.2499
v 1.536 		14.4323 		1.4383
v 0.011 		24.7172 		0.795
v 0.011 		24.5798 		0.734
v -0.553 		-2.0463 		0.0322
v 0.003 		24.5844 		0.734
v 0.003 		24.7202 		0.7943
v 1.967 		5.6606 		0.1162
v 0.706 		15.5967 		1.4383
v 0.003 		-2.2546 		0.023
v 0.003 		-2.7913 		0.0228
v 1.536 		7.0605 		0.1162
v 0.003 		-2.0463 		0.0232
v 0.003 		-20.8898 		0.2238
v -2.606 		-8.4575 		0.1162
v -2.817 		-6.694 		0.1162
v 1.794 		-1.5852 		0.0675
v 0.011 		24.2654 		0.6875
v 0.0065 		24.2654 		0.6879
v 0.011 		23.8454 		0.6264
v 1.536 		14.4323 		0.2499
v 0.011 		-3.9698 		1.6651
v 0.011 		-3.7585 		1.6653
v 0.0065 		-3.7602 		1.6653
v 1.696 		-0.1875 		0.0675
v 0.0065 		-3.9698 		1.665
v 0.011 		24.2654 		0.6882
v 0.011 		6.2616 		1.6207
v 0.0065 		6.2531 		1.6207
v 0.011 		-3.9698 		1.665
v 0.011 		-3.7619 		1.6652
v 0.003 		-3.7589 		1.6653
v 0.003 		-3.9698 		1.6651
v 0.706 		15.5967 		0.2499
v 0.011 		6.2446 		1.6207
v 0.003 		24.2654 		0.6876
v 0.003 		6.2597 		1.6207
v 1.036 		-22.3018 		1.356
v 0.5 		-1.1 		0.0322
v 0.0065 		23.8429 		0.6264
v 0.011 		23.8404 		0.6264
v -3.867 		-7.4958 		1.5106
v 0.011 		-3.2278 		1.6655
v 0.011 		-3.0081 		1.6656
v 0.0065 		-3.0081 		1.6655
v 0.0065 		-3.2261 		1.6655
v 0.003 		23.8449 		0.6264
v 0.011 		6.8693 		1.6133
v 0.0065 		6.8915 		1.613
v 0.011 		-3.2245 		1.6654
v 0.011 		-3.0081 		1.6655
v 2.33 		-22.5592 		1.2643
v 0.003 		-3.0081 		1.6656
v -4.817 		-8.2198 		1.4383
v 0.011 		23.3765 		0.5863
v 0.0065 		23.3782 		0.5867
v 0.011 		15.2621 		1.4632
v 0.0065 		15.2312 		1.4638
v 0.003 		-3.2275 		1.6655
v 0.011 		15.2003 		1.4645
v 0.011 		23.3799 		0.587
v 0.003 		15.2552 		1.4633
v 2.33 		-22.5592 		0.4239
v 0.003 		23.3769 		0.5864
v 0.391 		-0.1875 		1.656
v -5.317 		-11.6549 		1.356
v 0.011 		0.2848 		1.6605
v 0.0065 		0.2922 		1.6605
v 0.0065 		0.1651 		1.6608
v 0.011 		0.1552 		1.6609
v 1.036 		-22.3018 		0.3322
v 0.011 		0.1749 		1.6607
v 0.011 		0.2996 		1.6604
v 0.0065 		-3.7602 		0.0229
v 0.011 		-3.7585 		0.0229
v 0.003 		0.2864 		1.6605
v 0.011 		14.4386 		0.2048
v 0.0065 		14.446 		0.2051
v 0.003 		0.1574 		1.6609
v -0.487 		23.5632 		1.0618
v -4.817 		-8.2198 		0.2499
v 0.011 		-3.7619 		0.023
v -5.317 		-11.6549 		0.3322
v 0.011 		14.4534 		0.2054
v 0.003 		-3.7589 		0.0229
v 0.003 		14.4402 		0.2049
v 0.003 		23.0333 		1.1309
v 0.003 		23.8409 		1.0618
v 1.314 		-23.3172 		1.2643
v -3.867 		-7.4958 		0.1776
v -0.553 		24.2654 		0.9542
v 0.011 		-3.5397 		0.0228
v 0.0065 		-3.5431 		0.0229
v -1.523 		14.4323 		1.4383
v 0.011 		-3.0081 		0.0226
v 1.536 		-24.1245 		1.166
v 0.0065 		-3.0081 		0.0227
v 0.011 		-3.0081 		0.0227
v 0.011 		-3.5465 		0.0229
v 0.003 		24.1414 		1.0181
v 0.003 		24.5804 		0.9542
v -0.693 		15.5967 		1.4383
v 0.003 		-3.5404 		0.0228
v -2.317 		-10.1279 		1.572
v 0.391 		-0.1875 		0.0322
v 0.003 		-3.0081 		0.0226
v -0.575 		24.5009 		0.8441
v 0.003 		15.2072 		1.4644
v -2.817 		-13.5619 		1.5106
v 1.536 		-24.1245 		0.5222
v -3.611 		-9.6427 		1.5106
v 0.011 		-0.4842 		0.0257
v 0.003 		24.6899 		0.9057
v 0.003 		24.8285 		0.8441
v -0.553 		24.2654 		0.734
v -3.611 		-9.6427 		0.1776
v 0.0065 		-0.4808 		0.0258
v 0.0065 		0.2922 		0.0277
v 0.011 		0.2848 		0.0277
v 1.314 		-23.3172 		0.4239
v -2.817 		-13.5619 		0.1776
v -1.523 		14.4323 		0.2499
v 0.003 		-3.7615 		1.6652
v 0.011 		0.3956 		0.028
v -0.553 		-3.9698 		1.656
v 0.003 		-3.9698 		1.665
v -2.317 		-10.1279 		0.1162
v 0.003 		24.7176 		0.7949
v 0.003 		24.5804 		0.734
v 0.003 		-3.0081 		1.6655
v -0.575 		-3.0081 		1.656
v 0.003 		-3.2248 		1.6654
v 0.011 		0.2996 		0.0278
v 0.011 		-0.4773 		0.0258
v -0.693 		15.5967 		0.2499
v 0.003 		-0.4834 		0.0257
v -0.487 		23.5632 		0.6264
v 0.003 		0.2864 		0.0277
v 0.003 		24.2654 		0.6882
v 0.003 		23.8409 		0.6264
v 0.0065 		0.4009 		0.0281
v -0.553 		-3.9698 		0.0322
v 0.0065 		-22.7651 		1.3593
v 0.0065 		-22.8197 		1.356
v 0.011 		-22.821 		1.356
v 0.011 		-22.7611 		1.3597
v 0.011 		0.4062 		0.0282
v 0.003 		14.4518 		0.2053
v 0.011 		-22.5176 		1.3748
v 0.0065 		-22.543 		1.3731
v 0.003 		0.3968 		0.028
v 0.003 		23.3795 		0.5869
v 0.011 		-22.8183 		1.356
v 0.011 		-22.769 		1.359
v 0.011 		-22.5684 		1.3715
v -4.52 		-10.7151 		1.4383
v -4.111 		-13.0767 		1.4383
v 0.003 		-22.762 		1.3596
v -0.575 		-3.0081 		0.0322
v 0.003 		-22.8208 		1.356
v 0.053 		-22.8057 		1.356
v -4.858 		-14.3057 		1.356
v 0.011 		6.9136 		1.6126
v 1.044 		12.0061 		1.5106
v 0.003 		6.8742 		1.6132
v 2.305 		12.9689 		1.4383
v -0.378 		-0.1875 		1.656
v 0.003 		-22.5232 		1.3744
v 0.003 		0.2979 		1.6604
v 0.003 		0.1727 		1.6607
v 0.003 		-3.7615 		0.023
v 0.003 		-3.5458 		0.0229
v 2.305 		12.9689 		0.2499
v 0.003 		-3.0081 		0.0227
v 1.536 		21.3002 		1.166
v -4.858 		-14.3057 		0.3322
v 0.0065 		-23.7202 		1.2822
v 0.011 		-23.7174 		1.2825
v 0.011 		-23.9389 		1.2643
v 0.011 		6.5769 		0.0713
v 0.011 		6.2616 		0.0675
v 0.0065 		6.2531 		0.0675
v 0.0065 		6.5843 		0.0715
v 1.044 		12.0061 		0.1776
v -0.378 		-0.1875 		0.0322
v -5.65 		-8.8562 		1.356
v 1.696 		22.4065 		1.0618
v 0.0065 		6.8915 		0.0752
v 0.011 		6.8693 		0.0749
v 0.011 		6.9136 		0.0756
v 0.011 		6.5917 		0.0717
v 0.011 		6.2446 		0.0675
v 0.003 		6.2597 		0.0675
v 0.003 		6.5786 		0.0714
v -4.111 		-13.0767 		0.2499
v 0.003 		-0.4781 		0.0258
v 0.33 		13.0094 		1.5106
v -5.65 		-8.8562 		0.3322
v 0.003 		0.2979 		0.0278
v 0.003 		0.4051 		0.0282
v 0.011 		13.3263 		1.5106
v 0.0065 		13.3219 		1.5106
v -4.52 		-10.7151 		0.2499
v 0.011 		13.3176 		1.5106
v 0.003 		13.3253 		1.5106
v -5.988 		-12.4468 		1.2643
v 0.003 		6.8742 		0.075
v 1.696 		22.4065 		0.6264
v 1.536 		21.3002 		0.5222
v 0.5 		-4.9162 		1.656
v 1.794 		-4.431 		1.6207
v 0.011 		-23.723 		1.2818
v 0.003 		-23.718 		1.2824
v 0.241 		-23.8671 		1.2643
v 0.0065 		-23.9376 		1.2643
v 1.794 		-4.431 		0.0675
v 0.011 		-23.9362 		1.2643
v 0.003 		6.2464 		1.6207
v 0.0065 		-1.6822 		1.6646
v 0.011 		-1.6875 		1.6647
v -1.523 		7.0605 		1.572
v 0.33 		13.0094 		0.1776
v 0.241 		20.815 		1.2643
v 0.011 		-1.4803 		1.6645
v 0.0065 		-1.4769 		1.6644
v -7.147 		-6.442 		1.166
v 0.5 		-4.9162 		0.0322
v 0.003 		-23.9386 		1.2643
v 0.011 		-1.6769 		1.6645
v -7.564 		-6.5987 		1.0618
v 0.011 		-1.4735 		1.6643
v 0.011 		20.9505 		1.2643
v 0.0065 		20.9479 		1.2643
v 0.003 		-1.6863 		1.6647
v 0.011 		20.9454 		1.2643
v -5.988 		-12.4468 		0.4239
v 0.003 		20.9499 		1.2643
v 0.003 		-1.4796 		1.6644
v 0.0065 		-0.82 		1.6632
v 0.011 		-0.8274 		1.6633
v 0.011 		-0.6463 		1.6629
v 0.0065 		-0.641 		1.6628
v 0.0065 		-24.1393 		0.4461
v 0.011 		-24.1446 		0.4466
v 0.003 		6.9087 		1.6127
v 0.011 		-0.8126 		1.6631
v 0.011 		-0.6357 		1.6628
v 0.011 		-23.9389 		0.4239
v 0.003 		-0.8258 		1.6632
v 0.011 		-24.1341 		0.4457
v 0.391 		22.4065 		1.166
v 0.003 		-24.1434 		0.4465
v -6.523 		-13.0767 		1.166
v 0.241 		-23.8671 		0.4239
v 0.003 		-0.6452 		1.6629
v 0.0065 		-23.9376 		0.4239
v 0.011 		-23.9362 		0.4239
v 0.011 		21.3375 		1.2416
v 0.011 		22.627 		1.166
v 0.0065 		22.6244 		1.166
v 0.0065 		21.3277 		1.2421
v 0.003 		-23.9386 		0.4239
v -7.564 		-6.5987 		0.6264
v 1.696 		-5.8286 		1.6207
v -6.523 		-13.0767 		0.5222
v 0.0065 		-22.876 		0.3369
v 0.0065 		-22.8197 		0.3322
v -7.147 		-6.442 		0.5222
v 0.011 		21.3179 		1.2425
v 0.011 		-22.821 		0.3322
v 0.011 		-22.8828 		0.3373
v 0.011 		22.6218 		1.166
v 0.011 		13.3263 		0.1776
v 0.0065 		13.3219 		0.1776
v 0.003 		22.6264 		1.166
v 0.003 		21.3354 		1.2417
v -1.523 		7.0605 		0.1162
v 0.011 		-22.8183 		0.3322
v 0.011 		-22.8692 		0.3364
v 0.011 		13.3176 		0.1776
v 1.696 		-5.8286 		0.0675
v 0.003 		13.3253 		0.1776
v 0.003 		-22.8813 		0.3372
v 0.003 		-22.8208 		0.3322
v 0.053 		-22.8057 		0.3322
v -6.911 		-13.5356 		1.0618
v -7.147 		-13.8138 		0.9542
v -7.226 		-13.9069 		0.8441
v 0.003 		6.5901 		0.0717
v 0.003 		6.2464 		0.0675
v 0.011 		-4.7295 		1.6641
v 0.011 		-4.5358 		1.6645
v 0.0065 		-4.5393 		1.6644
v 0.0065 		-4.7311 		1.664
v 0.0065 		-1.4769 		0.0238
v 0.011 		-1.4803 		0.0237
v 0.011 		-1.2867 		0.0241
v 0.011 		-4.7328 		1.664
v 0.011 		-4.5427 		1.6643
v 0.003 		6.9087 		0.0755
v 0.011 		-1.4735 		0.0239
v 0.003 		-4.5366 		1.6644
v 0.003 		-4.7298 		1.6641
v 0.003 		-1.4796 		0.0237
v -7.147 		-13.8138 		0.734
v 0.0065 		-0.641 		0.0254
v 0.011 		-0.6463 		0.0253
v 0.391 		22.4065 		0.5222
v 0.0065 		-1.285 		0.0242
v 0.011 		-22.5176 		0.3134
v 0.0065 		-22.543 		0.3151
v -6.911 		-13.5356 		0.6264
v 0.011 		22.627 		0.5222
v 0.0065 		22.6244 		0.5222
v 0.011 		-22.5684 		0.3167
v 0.011 		22.6218 		0.5222
v 0.003 		-22.5232 		0.3138
v 0.003 		22.6264 		0.5222
v 0.011 		12.2929 		0.1582
v 0.0065 		12.3028 		0.1584
v 0.0065 		-4.5393 		0.0238
v 0.011 		-4.5358 		0.0237
v 0.241 		20.815 		0.4239
v 0.011 		12.3126 		0.1587
v 0.33 		5.6387 		1.6207
v 0.011 		22.1099 		0.4919
v 0.003 		12.2951 		0.1582
v 0.0065 		22.1133 		0.4922
v -7.817 		-6.694 		0.9542
v 0.011 		20.9505 		0.4239
v 0.011 		-4.5427 		0.0239
v 0.003 		-4.5366 		0.0237
v 0.011 		22.1167 		0.4926
v -7.901 		-6.7257 		0.8441
v -0.04 		-22.8057 		1.356
v 0.003 		22.1106 		0.4919
v 0.003 		-22.8186 		1.356
v 0.003 		-22.7681 		1.3591
v 0.003 		-22.5628 		1.3718
v -7.817 		-6.694 		0.734
v 0.0065 		20.9479 		0.4239
v 0.011 		-4.3286 		0.0235
v -1.023 		-22.3018 		1.356
v 0.0065 		-4.334 		0.0236
v -1.031 		12.0061 		1.5106
v 0.011 		20.9454 		0.4239
v 0.011 		-0.6357 		0.0254
v 0.011 		-1.2833 		0.0242
v -0.317 		13.0094 		1.5106
v 0.003 		20.9499 		0.4239
v 0.003 		-0.6452 		0.0253
v 0.011 		-4.3393 		0.0237
v 0.003 		-1.2863 		0.0241
v 0.003 		-4.3298 		0.0235
v 0.003 		13.3186 		1.5106
v -6.352 		-9.3919 		1.2643
v -0.04 		-22.8057 		0.3322
v 0.003 		-22.8186 		0.3322
v 0.003 		-22.8707 		0.3365
v 0.003 		-4.5419 		1.6643
v -0.487 		-4.9162 		1.656
v 0.003 		-4.7325 		1.664
v -2.292 		-15.2674 		1.5106
v -1.023 		-22.3018 		0.3322
v -0.228 		20.815 		1.2643
v -3.597 		-15.2674 		1.4383
v -0.487 		-1.1 		1.656
v 0.003 		-1.6781 		1.6646
v 0.003 		-1.4742 		1.6643
v 0.003 		20.9459 		1.2643
v -0.487 		-4.9162 		0.0322
v 0.003 		-0.8143 		1.6631
v -1.523 		21.3002 		1.166
v -1.031 		12.0061 		0.1776
v 0.003 		-22.5628 		0.3164
v -3.597 		-15.2674 		0.2499
v -0.378 		22.4065 		1.166
v 0.003 		-0.6369 		1.6628
v -2.292 		-15.2674 		0.1776
v -0.317 		13.0094 		0.1776
v -0.228 		-23.8671 		1.2643
v 0.003 		-23.7224 		1.2819
v 0.003 		21.3201 		1.2424
v 0.003 		22.6224 		1.166
v 0.003 		-23.9365 		1.2643
v -0.487 		-1.1 		0.0322
v -1.301 		-23.3172 		1.2643
v 0.003 		13.3186 		0.1776
v 0.003 		-1.4742 		0.0239
v -6.352 		-9.3919 		0.4239
v 0.003 		-0.6369 		0.0254
v 0.003 		-1.2837 		0.0242
v -1.523 		-24.1245 		1.166
v 0.003 		-4.5419 		0.0239
v -1.693 		-16.7626 		1.5106
v 0.003 		12.3104 		0.1586
v 0.003 		-4.3381 		0.0236
v 0.33 		5.6387 		0.0675
v -2.987 		-17.2478 		1.4383
v -1.523 		21.3002 		0.5222
v -1.523 		-24.1245 		0.5222
v -2.987 		-17.2478 		0.2499
v 0.0065 		-5.5354 		1.6624
v 0.011 		-5.532 		1.6625
v -0.378 		22.4065 		0.5222
v -0.228 		-23.8671 		0.4239
v 0.003 		-24.1353 		0.4458
v 0.011 		-5.3698 		1.6629
v 0.0065 		-5.3751 		1.6628
v 0.003 		-23.9365 		0.4239
v -6.911 		-9.818 		1.166
v 0.011 		-5.5388 		1.6623
v 0.011 		-5.3804 		1.6628
v -1.301 		-23.3172 		0.4239
v -1.693 		-16.7626 		0.1776
v 0.003 		-5.5327 		1.6625
v 6.365 		10.7464 		1.0618
v 0.391 		-5.8286 		1.656
v -7.317 		-10.1279 		1.0618
v 0.003 		-5.371 		1.6629
v 0.003 		22.6224 		0.5222
v -7.564 		-10.3163 		0.9542
v -3.611 		3.6265 		1.5106
v -0.228 		20.815 		0.4239
v 0.391 		-5.8286 		0.0322
v -7.646 		-10.3788 		0.8441
v 0.003 		22.116 		0.4925
v 0.003 		20.9459 		0.4239
v 0.011 		-6.1714 		0.0273
v -0.317 		5.6387 		1.6207
v -3.611 		3.6265 		0.1776
v 6.365 		10.7464 		0.6264
v 0.0065 		-5.3751 		0.0254
v 0.011 		-5.3698 		0.0253
v -4.281 		-16.7626 		1.356
v 0.0065 		-6.1812 		0.0274
v -7.564 		-10.3163 		0.734
v 0.011 		-5.1887 		0.0249
v 0.011 		-5.3804 		0.0254
v 0.011 		-6.1911 		0.0275
v -5.487 		-15.3397 		1.2643
v -7.317 		-10.1279 		0.6264
v 0.003 		-5.371 		0.0253
v 0.003 		-6.1736 		0.0273
v -6.911 		-9.818 		0.5222
v -5.65 		2.8401 		1.356
v 2.619 		19.7788 		1.166
v -5.487 		-15.3397 		0.4239
v 0.0065 		-5.1961 		0.025
v -4.281 		-16.7626 		0.3322
v 0.011 		-5.2035 		0.0251
v 6.001 		10.1472 		1.166
v -5.65 		2.8401 		0.3322
v 0.003 		-5.1904 		0.025
v -0.317 		5.6387 		0.0675
v 5.33 		-11.6549 		1.356
v -0.378 		-5.8286 		1.656
v 0.003 		-5.5381 		1.6624
v 0.003 		-5.3793 		1.6628
v 4.088 		19.586 		0.8441
v 6.001 		-12.4468 		1.2643
v -2.292 		-18.985 		1.4383
v 6.001 		10.1472 		0.5222
v 0.706 		4.6989 		1.6207
v 2.33 		4.1118 		1.572
v -3.597 		-18.985 		1.356
v 6.001 		-12.4468 		0.4239
v 2.619 		19.7788 		0.5222
v -0.378 		-5.8286 		0.0322
v 5.33 		-11.6549 		0.3322
v -3.597 		-18.985 		0.3322
v 3 		11.2316 		1.4383
v 0.003 		-5.3793 		0.0254
v -2.292 		-18.985 		0.2499
v 2.33 		4.1118 		0.1162
v 0.003 		-6.1889 		0.0275
v 4.294 		10.7464 		1.356
v 0.003 		-5.2019 		0.0251
v 0.706 		4.6989 		0.0675
v 1.696 		-24.7116 		1.0618
v 4.294 		10.7464 		0.3322
v 3.272 		-11.6768 		1.5106
v 0.011 		4.4213 		1.6361
v 0.0065 		4.438 		1.6359
v 3.88 		18.8159 		1.0618
v 1.794 		-25.0687 		0.9542
v 0.011 		4.4547 		1.6357
v 3 		11.2316 		0.2499
v 4.036 		19.3932 		0.9542
v 0.003 		4.425 		1.636
v 3.272 		-11.6768 		0.1776
v -6.352 		3.3757 		1.2643
v 4.871 		8.2895 		1.356
v 5.5 		9.3235 		1.2643
v 0.0065 		4.438 		0.0523
v 0.011 		4.4213 		0.0521
v 1.827 		-25.1881 		0.8441
v 0.011 		4.4547 		0.0525
v -6.352 		3.3757 		0.4239
v 0.003 		4.425 		0.0522
v -4.858 		-18.0222 		1.2643
v 4.036 		19.3932 		0.734
v 0.011 		4.9222 		0.0563
v 0.0065 		4.9321 		0.0565
v -6.911 		3.8018 		1.166
v 3.88 		18.8159 		0.6264
v 4.871 		-14.3057 		1.356
v -5.317 		-19.0256 		1.166
v 0.011 		4.9419 		0.0566
v 4.83 		-8.2198 		1.4383
v 0.003 		4.9244 		0.0563
v 6.536 		-13.0767 		1.166
v 5.5 		9.3235 		0.4239
v -0.693 		4.6989 		1.6207
v 4.83 		16.4434 		1.0618
v 1.794 		-25.0687 		0.734
v 6.536 		-13.0767 		0.5222
v 5.011 		16.9571 		0.9542
v -5.317 		-19.0256 		0.5222
v 1.696 		-24.7116 		0.6264
v -6.911 		3.8018 		0.5222
v 0.003 		4.451 		1.6357
v 5.071 		17.1302 		0.8441
v 4.871 		8.2895 		0.3322
v 4.83 		-8.2198 		0.2499
v -2.817 		0.6778 		1.572
v 4.871 		-14.3057 		0.3322
v 2.619 		-8.4575 		1.572
v 0.5 		-25.3261 		1.0618
v -4.858 		-18.0222 		0.4239
v -2.606 		2.4414 		1.572
v 5.011 		16.9571 		0.734
v 2.83 		-6.694 		1.572
v 4.83 		16.4434 		0.6264
v 3.88 		-7.4958 		1.5106
v 0.566 		-25.6985 		0.9542
v -0.693 		4.6989 		0.0675
v 2.83 		-13.5619 		1.5106
v -2.817 		0.6778 		0.1162
v 0.588 		-25.8234 		0.8441
v 4.124 		-13.0767 		1.4383
v -2.606 		2.4414 		0.1162
v 0.003 		4.451 		0.0525
v -5.988 		-16.1634 		1.166
v 0.003 		4.9397 		0.0566
v 0.566 		-25.6985 		0.734
v 2.83 		7.5457 		1.5106
v -6.352 		-16.7626 		1.0618
v 3.624 		17.8663 		1.166
v 3.61 		9.2512 		1.4383
v 4.124 		-13.0767 		0.2499
v 0.5 		-25.3261 		0.6264
v -6.573 		-17.1262 		0.9542
v 2.83 		-13.5619 		0.1776
v -3.867 		1.4796 		1.5106
v -1.954 		5.6606 		1.572
v -3.259 		5.6606 		1.5106
v -4.817 		2.2037 		1.4383
v -6.647 		-17.2478 		0.8441
v 3.61 		9.2512 		0.2499
v -6.573 		-17.1262 		0.734
v 2.83 		7.5457 		0.1776
v 0.0065 		-24.556 		1.196
v 0.0065 		-24.8275 		1.166
v 0.011 		-24.8288 		1.166
v 0.011 		-24.5541 		1.1963
v 3.88 		-7.4958 		0.1776
v -4.817 		2.2037 		0.2499
v 0.011 		-24.8261 		1.166
v 0.011 		-24.5578 		1.1956
v 0.003 		-24.5545 		1.1963
v 0.003 		-24.8285 		1.166
v -3.259 		5.6606 		0.1776
v 0.391 		-24.7116 		1.166
v 2.619 		-8.4575 		0.1162
v 1.706 		10.7464 		1.5106
v -6.352 		-16.7626 		0.6264
v 1.967 		-11.6768 		1.572
v -3.867 		1.4796 		0.1776
v 2.83 		-6.694 		0.1162
v 3.624 		17.8663 		0.5222
v -1.954 		5.6606 		0.1162
v 1.967 		-11.6768 		0.1162
v -5.988 		-16.1634 		0.5222
v -1.781 		-1.5852 		1.6207
v 3.272 		16.5595 		1.2643
v -4.111 		7.0605 		1.4383
v 1.706 		10.7464 		0.1776
v -1.683 		-0.1875 		1.6207
v -5.317 		5.6387 		1.356
v 5.663 		-8.8562 		1.356
v 5.7126 		-20.5317 		0.9701
v 5.7628 		-20.5317 		0.9542
v 5.7053 		-20.5317 		0.9709
v 6.365 		-9.3919 		1.2643
v -2.944 		-1.1492 		1.572
v 5.7579 		-20.5317 		0.9542
v 0.011 		10.0223 		1.572
v 5.8686 		-20.5317 		0.8519
v 5.8766 		-20.5317 		0.8441
v -5.317 		5.6387 		0.3322
v 0.0065 		10.016 		1.572
v 0.0065 		-10.9482 		1.6317
v 0.011 		-10.9384 		1.6319
v 5.8629 		-20.5317 		0.8526
v 0.011 		10.0097 		1.572
v 0.011 		-10.9581 		1.6316
v 0.003 		10.0209 		1.572
v 0.003 		-10.9406 		1.6319
v -4.111 		7.0605 		0.2499
v 0.33 		-11.6549 		1.6207
v -2.944 		-1.1492 		0.1162
v 5.8717 		-20.5317 		0.8441
v 3.272 		16.5595 		0.4239
v 0.011 		10.7581 		1.5589
v 0.0065 		10.789 		1.5582
v 5.7757 		-20.5317 		0.7465
v 5.7628 		-20.5317 		0.734
v 0.011 		10.8199 		1.5575
v 6.365 		-9.3919 		0.4239
v -1.781 		-1.5852 		0.0675
v 0.003 		10.765 		1.5587
v -2.317 		4.1118 		1.572
v 0.0065 		-25.2279 		1.1015
v 0.011 		-25.227 		1.1019
v 0.011 		-25.4758 		1.0618
v 5.663 		-8.8562 		0.3322
v 1.314 		19.7788 		1.2643
v 0.011 		-25.2288 		1.1012
v -1.683 		-0.1875 		0.0675
v 0.33 		-11.6549 		0.0675
v 5.7714 		-20.5317 		0.7471
v 5.7579 		-20.5317 		0.734
v 4.533 		-10.7151 		1.4383
v -2.317 		4.1118 		0.1162
v 0.011 		10.2935 		0.1211
v 0.011 		10.0223 		0.1162
v 0.0065 		10.016 		0.1162
v 0.0065 		10.3009 		0.1213
v -4.023 		-0.7451 		1.5106
v 0.0065 		10.789 		0.13
v 0.011 		10.7581 		0.1293
v -0.317 		-11.6549 		1.6207
v 0.003 		-10.9559 		1.6316
v -4.998 		-0.3792 		1.4383
v -4.52 		4.6989 		1.4383
v 5.663 		-19.754 		1.0618
v 0.003 		-25.2272 		1.1018
v 0.0065 		-25.4744 		1.0618
v 1.314 		19.7788 		0.4239
v 5.866 		-20.1965 		0.9542
v 0.011 		-25.4731 		1.0618
v 0.003 		-25.4755 		1.0618
v -4.998 		-0.3792 		0.2499
v 4.533 		-10.7151 		0.2499
v 0.0065 		-25.6985 		1.0003
v 0.011 		-25.6985 		1.0007
v 0.011 		-25.868 		0.9542
v 0.011 		-25.6985 		1
v -0.317 		-11.6549 		0.0675
v 0.011 		10.8199 		0.1307
v 0.011 		10.3083 		0.1215
v 0.011 		10.0097 		0.1162
v 0.053 		18.8159 		1.356
v 0.003 		-25.6985 		1.0006
v -4.52 		4.6989 		0.2499
v -4.023 		-0.7451 		0.1776
v 5.934 		-20.3455 		0.8441
v 0.0065 		-25.8667 		0.9542
v 0.011 		18.8449 		1.356
v 0.011 		-25.8653 		0.9542
v 3.624 		-9.6427 		1.5106
v 0.003 		-25.8677 		0.9542
v 0.0065 		18.8423 		1.356
v 0.011 		18.8398 		1.356
v -5.988 		6.4307 		1.2643
v 0.0065 		-25.9391 		0.8936
v 0.011 		-25.94 		0.894
v 0.003 		18.8443 		1.356
v -6.523 		7.0605 		1.166
v 0.011 		-25.9382 		0.8932
v 3.624 		-9.6427 		0.1776
v 0.0065 		-25.9986 		0.8441
v 0.011 		-26 		0.8441
v 5.866 		-20.1965 		0.734
v 0.011 		-25.9973 		0.8441
v 0.003 		10.0209 		0.1162
v 0.003 		10.2951 		0.1211
v 0.003 		-25.9398 		0.8939
v 0.011 		18.9612 		1.3509
v 0.0065 		18.9484 		1.3513
v 0.003 		-25.9997 		0.8441
v 0.011 		18.9356 		1.3518
v 5.663 		-19.754 		0.6264
v 0.003 		18.9583 		1.351
v -7.564 		0.5825 		1.0618
v 0.003 		10.765 		0.1295
v 0.053 		18.8159 		0.3322
v 0.011 		20.533 		0.4057
v 0.0065 		20.5383 		0.406
v 4.866 		-20.5317 		1.166
v 0.011 		18.8449 		0.3322
v 4.861 		-20.5317 		1.166
v 0.0065 		-12.2693 		1.6207
v 0.011 		-12.2778 		1.6207
v -6.523 		7.0605 		0.5222
v 0.011 		20.5436 		0.4064
v 0.011 		-12.2607 		1.6207
v -5.988 		6.4307 		0.4239
v 0.003 		-12.2759 		1.6207
v 0.003 		20.5342 		0.4058
v 0.0065 		18.8423 		0.3322
v 1.314 		-8.4575 		1.6207
v 0.0065 		-25.9255 		0.7828
v 0.011 		-25.9273 		0.7832
v 5.1902 		-20.5317 		1.1054
v 5.4236 		-20.5317 		1.0618
v -7.564 		0.5825 		0.6264
v 0.011 		-12.8854 		1.6133
v 0.0065 		-12.9076 		1.613
v 0.011 		-25.868 		0.734
v 0.011 		18.8398 		0.3322
v 0.011 		-25.9237 		0.7825
v 1.536 		-7.1792 		1.6207
v 0.003 		18.8443 		0.3322
v 5.1802 		-20.5317 		1.1063
v 5.4184 		-20.5317 		1.0618
v 0.011 		-12.9298 		1.6126
v 0.003 		-25.9269 		0.7832
v 0.003 		-12.8904 		1.6132
v 0.0065 		-25.8667 		0.734
v 0.011 		-25.8653 		0.734
v 0.003 		-25.8677 		0.734
v 0.0065 		-12.6005 		1.6167
v 0.011 		-12.5931 		1.6169
v 0.0065 		-25.6349 		0.6704
v 0.0065 		-25.4744 		0.6264
v 0.011 		-25.4758 		0.6264
v 0.011 		-25.6377 		0.6708
v 0.011 		-12.6079 		1.6165
v 0.011 		18.732 		0.3285
v 0.0065 		18.7394 		0.3288
v 1.314 		-8.4575 		0.0675
v 0.003 		-12.5947 		1.6168
v -7.317 		4.1118 		1.0618
v 0.011 		-25.4731 		0.6264
v 1.536 		-7.1792 		0.0675
v 0.011 		-25.6321 		0.67
v 0.003 		-25.6371 		0.6707
v 0.011 		18.7468 		0.3292
v 0.003 		-25.4755 		0.6264
v 5.5055 		-20.5317 		0.6524
v 5.4236 		-20.5317 		0.6264
v 0.003 		18.7337 		0.3286
v -7.564 		4.3002 		0.9542
v 5.5021 		-20.5317 		0.653
v 5.4184 		-20.5317 		0.6264
v 0.0065 		-12.9076 		0.0752
v 0.011 		-12.8854 		0.0749
v 0.003 		10.0111 		1.572
v -7.817 		0.6778 		0.9542
v 0.011 		-12.9298 		0.0756
v 0.003 		-12.8904 		0.075
v -0.04 		18.8159 		1.356
v -7.901 		0.7096 		0.8441
v 0.0065 		-25.0474 		0.5576
v 0.0065 		-24.8275 		0.5222
v 0.011 		-12.2778 		0.0675
v -7.646 		4.3626 		0.8441
v 0.003 		18.8403 		1.356
v -7.817 		0.6778 		0.734
v -7.564 		4.3002 		0.734
v -1.301 		19.7788 		1.2643
v 0.011 		-24.8288 		0.5222
v 5.1107 		-20.5317 		0.5679
v 0.011 		-25.0513 		0.5581
v 0.003 		10.813 		1.5577
v 4.866 		-20.5317 		0.5222
v 5.1082 		-20.5317 		0.5684
v 0.011 		-24.8261 		0.5222
v 0.011 		-25.0435 		0.5572
v 0.003 		-25.0505 		0.558
v 0.003 		-24.8285 		0.5222
v 4.861 		-20.5317 		0.5222
v -7.317 		4.1118 		0.6264
v 0.391 		-24.7116 		0.5222
v 4.6348 		-20.5317 		0.4926
v -5.853 		-0.0594 		1.356
v 4.6332 		-20.5317 		0.493
v -6.573 		0.2112 		1.2643
v 0.003 		18.9384 		1.3517
v 0.011 		-6.4118 		1.6602
v 0.011 		-6.3009 		1.6605
v 0.0065 		-6.3083 		1.6605
v 0.0065 		-6.4171 		1.6601
v 0.0065 		-12.2693 		0.0675
v 0.011 		-6.4224 		1.66
v 0.011 		-6.3157 		1.6604
v 0.011 		-12.2607 		0.0675
v 0.003 		-6.3026 		1.6605
v 0.003 		-6.4129 		1.6602
v -6.573 		0.2112 		0.4239
v 0.003 		-12.2759 		0.0675
v 0.241 		-6.694 		1.656
v 0.003 		10.3066 		0.1215
v 0.003 		10.0111 		0.1162
v -1.301 		19.7788 		0.4239
v -5.853 		-0.0594 		0.3322
v 0.003 		10.813 		0.1305
v -0.378 		-24.7116 		1.166
v 0.003 		-24.8264 		1.166
v 0.003 		-24.5574 		1.1957
v 0.003 		-12.2626 		1.6207
v -0.04 		18.8159 		0.3322
v -0.487 		-25.3261 		1.0618
v 0.003 		-12.9249 		1.6127
v 0.003 		-25.2286 		1.1013
v 6.924 		3.8018 		1.166
v 0.003 		20.5424 		0.4063
v 0.003 		-25.4734 		1.0618
v 0.003 		-12.6062 		1.6165
v 0.241 		-6.694 		0.0322
v -7.147 		0.4259 		1.166
v 0.003 		18.8403 		0.3322
v 0.011 		-7.3505 		0.031
v 0.003 		18.7452 		0.3291
v -0.553 		-25.6985 		0.9542
v 0.003 		-25.6985 		1
v 0.003 		-25.8656 		0.9542
v 0.5 		9.3235 		1.572
v 0.0065 		-6.3083 		0.0277
v 0.011 		-6.3009 		0.0277
v 0.003 		-25.9384 		0.8933
v 0.003 		-12.9249 		0.0755
v 0.011 		-6.3157 		0.0278
v -7.147 		0.4259 		0.5222
v 0.003 		-7.3534 		0.031
v -0.575 		-25.8234 		0.8441
v 0.003 		-25.9976 		0.8441
v 4.533 		-21.0969 		1.166
v 0.003 		-12.2626 		0.0675
v 0.003 		-6.3026 		0.0277
v 6.924 		3.8018 		0.5222
v -0.553 		-25.6985 		0.734
v 4.83 		-21.546 		1.0618
v 0.003 		-25.9241 		0.7825
v 1.967 		16.5595 		1.356
v 0.003 		-25.8656 		0.734
v 1.036 		17.8663 		1.356
v 5.011 		-21.8187 		0.9542
v -0.487 		-25.3261 		0.6264
v 0.003 		-25.4734 		0.6264
v 0.003 		-25.6327 		0.6701
v 7.577 		0.5825 		1.0618
v 0.003 		-6.3141 		1.6604
v -0.228 		-6.694 		1.656
v 0.003 		-6.4212 		1.66
v 5.071 		-21.9108 		0.8441
v 2.33 		18.3515 		1.2643
v 2.305 		9.2512 		1.5106
v 7.83 		0.6778 		0.9542
v -0.378 		-24.7116 		0.5222
v 0.003 		-24.8264 		0.5222
v 0.003 		-25.0444 		0.5573
v -0.228 		-6.694 		0.0322
v 7.914 		0.7096 		0.8441
v 2.33 		18.3515 		0.4239
v 1.044 		-14.3057 		1.572
v 7.83 		0.6778 		0.734
v 1.536 		-13.0767 		1.572
v 1.967 		16.5595 		0.3322
v 2.305 		9.2512 		0.1776
v 1.036 		17.8663 		0.3322
v 0.003 		-6.3141 		0.0278
v 7.577 		0.5825 		0.6264
v 1.044 		-14.3057 		0.1162
v 1.536 		-13.0767 		0.1162
v 0.5 		9.3235 		0.1162
v 5.011 		-21.8187 		0.734
v 1.044 		8.2895 		1.572
v -1.523 		-7.1792 		1.6207
v 4.83 		-21.546 		0.6264
v 6.586 		0.2112 		1.2643
v 7.16 		0.4259 		1.166
v -1.523 		-7.1792 		0.0675
v 6.66 		-3.0081 		1.2643
v 7.239 		-3.0081 		1.166
v 4.533 		-21.0969 		0.5222
v 1.044 		8.2895 		0.1162
v 0.011 		16.2771 		1.4383
v 7.659 		-3.0081 		1.0618
v 0.0065 		-7.4193 		1.6569
v 0.0065 		-7.6468 		1.656
v 0.011 		-7.6614 		1.656
v 0.011 		-7.4119 		1.657
v 0.0065 		16.2728 		1.4383
v 2.7217 		-20.5317 		1.373
v 0.011 		-7.3842 		1.6571
v 0.0065 		-7.3941 		1.657
v 0.011 		16.2684 		1.4383
v 7.914 		-3.0081 		0.9542
v 0.003 		16.2762 		1.4383
v 2.7261 		-20.5317 		1.3723
v 0.011 		-7.6321 		1.656
v 0.011 		-7.4267 		1.6568
v 0.011 		-7.4039 		1.6569
v 2.83 		-20.7365 		1.356
v 0.003 		-7.4135 		1.657
v 0.003 		-7.6581 		1.656
v 0.053 		-7.4958 		1.656
v 0.011 		18.2733 		1.3748
v 0.0065 		18.3212 		1.3731
v -2.7087 		-20.5317 		1.373
v -1.745 		-20.5317 		1.4242
v 0.011 		18.3691 		1.3715
v 2.9909 		-20.5317 		1.356
v -2.7131 		-20.5317 		1.3723
v 2.9844 		-20.5317 		1.356
v -1.7917 		-20.5317 		1.4212
v 8 		-3.0081 		0.8441
v 7.16 		0.4259 		0.5222
v 0.003 		18.284 		1.3744
v -2.817 		-20.7365 		1.356
v 0.003 		-7.3864 		1.6571
v 7.914 		-3.0081 		0.734
v 6.586 		0.2112 		0.4239
v 7.659 		-3.0081 		0.6264
v 0.0065 		-8.4281 		1.6508
v -2.9779 		-20.5317 		1.356
v 0.011 		-8.4227 		1.651
v 3.902 		-20.5317 		1.2801
v 4.0907 		-20.5317 		1.2643
v 0.0065 		18.3212 		0.3151
v 0.011 		18.2733 		0.3134
v -2.9713 		-20.5317 		1.356
v 0.011 		16.6463 		0.2616
v 0.0065 		16.6516 		0.2619
v 3.8553 		-20.5317 		1.2834
v 0.011 		16.2771 		0.2499
v 7.239 		-3.0081 		0.5222
v 4.0835 		-20.5317 		1.2643
v 0.011 		18.3691 		0.3167
v 0.011 		16.6569 		0.2622
v -0.487 		9.3235 		1.572
v 0.011 		-8.4334 		1.6507
v 0.003 		18.284 		0.3138
v 0.003 		-8.4239 		1.651
v 4.1532 		-20.5317 		1.2573
v 0.003 		16.6475 		0.2617
v 4.1595 		-20.5317 		1.2558
v 0.0065 		16.2728 		0.2499
v 0.011 		16.2684 		0.2499
v 0.003 		16.2762 		0.2499
v -2.817 		-20.7365 		0.3322
v 0.011 		-7.6614 		0.0322
v 5.663 		2.8401 		1.356
v 4.1532 		-20.5317 		0.4309
v 4.1119 		-20.5317 		0.4262
v 4.0907 		-20.5317 		0.4239
v -2.9779 		-20.5317 		0.3322
v -3.4514 		-20.5317 		0.3717
v 0.053 		-7.4958 		0.0322
v 0.0065 		-7.6468 		0.0322
v 4.1595 		-20.5317 		0.4324
v 6.365 		3.3757 		1.2643
v 4.1093 		-20.5317 		0.4267
v 0.011 		-7.6321 		0.0322
v -2.9713 		-20.5317 		0.3322
v 0.003 		-7.6581 		0.0322
v -3.4497 		-20.5317 		0.3721
v 4.0835 		-20.5317 		0.4239
v -0.487 		9.3235 		0.1162
v 6.66 		-3.0081 		0.4239
v 0.003 		16.2694 		1.4383
v 0.011 		-7.3842 		0.0311
v 0.0065 		-7.3941 		0.0312
v -1.023 		17.8663 		1.356
v 2.83 		-20.7365 		0.3322
v 6.365 		3.3757 		0.4239
v 5.663 		2.8401 		0.3322
v 6.586 		-6.2274 		1.2643
v 0.011 		-7.4039 		0.0313
v 3.4644 		-20.5317 		0.3717
v 2.9909 		-20.5317 		0.3322
v 0.003 		-7.3864 		0.0311
v -1.523 		-13.0767 		1.572
v 0.003 		18.3584 		1.3718
v -2.1464 		-20.5317 		0.2853
v 3.4628 		-20.5317 		0.3721
v 2.9844 		-20.5317 		0.3322
v 0.0065 		-7.3633 		0.0311
v -2.7087 		-20.5317 		0.3152
v 0.011 		-7.3762 		0.0312
v 3.624 		3.6265 		1.5106
v -1.523 		-13.0767 		0.1162
v -2.1447 		-20.5317 		0.2857
v -2.7131 		-20.5317 		0.3159
v -0.04 		-7.4958 		1.656
v 0.003 		-7.6354 		1.656
v 0.003 		-7.425 		1.6568
v -1.023 		17.8663 		0.3322
v 2.7217 		-20.5317 		0.3152
v 0.003 		-7.4017 		1.6569
v -2.8355 		-20.5317 		0.3233
v 0.011 		8.2357 		0.0928
v 0.0065 		8.2455 		0.093
v 0.003 		-8.4322 		1.6507
v -2.8348 		-20.5317 		0.3236
v 2.7261 		-20.5317 		0.3159
v 0.0065 		-14.2617 		1.5952
v 3.624 		3.6265 		0.1776
v 0.011 		-14.2518 		1.5954
v 0.011 		8.2554 		0.0932
v 0.003 		8.2379 		0.0928
v 0.003 		18.3584 		0.3164
v 0.011 		-14.2715 		1.595
v -0.04 		-7.4958 		0.0322
v 0.003 		-14.254 		1.5954
v 0.003 		16.6557 		0.2622
v 2.8485 		-20.5317 		0.3233
v 0.003 		16.2694 		0.2499
v 0.003 		-7.6354 		0.0322
v -1.031 		8.2895 		1.572
v 2.8478 		-20.5317 		0.3236
v 6.586 		-6.2274 		0.4239
v 0.003 		-14.2693 		1.595
v 0.003 		-7.4017 		0.0313
v 4.124 		-20.4484 		1.2643
v 0.003 		-7.3733 		0.0312
v -1.781 		23.078 		0.9542
v -1.031 		-14.3057 		1.572
v -1.814 		23.3036 		0.8441
v 4.124 		-20.4484 		0.4239
v 7.16 		-6.442 		1.166
v -1.781 		23.078 		0.734
v 7.577 		-6.5987 		1.0618
v -1.031 		8.2895 		0.1162
v -1.031 		-14.3057 		0.1162
v -1.954 		-21.6073 		1.356
v -1.301 		-8.4575 		1.6207
v -1.683 		22.4065 		1.0618
v 7.83 		-6.694 		0.9542
v 1.036 		3.6265 		1.6207
v -3.259 		-21.6073 		1.2643
v 7.914 		-6.7257 		0.8441
v -3.259 		-21.6073 		0.4239
v -1.683 		22.4065 		0.6264
v 3.272 		-21.6073 		1.2643
v 7.83 		-6.694 		0.734
v -1.954 		-21.6073 		0.3322
v 0.003 		8.2532 		0.0932
v 7.577 		-6.5987 		0.6264
v 1.036 		3.6265 		0.0675
v -2.817 		20.815 		1.0618
v 7.16 		-6.442 		0.5222
v 5.5 		-15.3397 		1.2643
v -2.817 		14.9175 		1.356
v -3.889 		-20.5317 		1.2801
v -4.0777 		-20.5317 		1.2643
v -3.8423 		-20.5317 		1.2834
v 6.001 		-16.1634 		1.166
v -2.944 		21.4448 		0.9542
v -1.301 		-8.4575 		0.0675
v -4.0705 		-20.5317 		1.2643
v -4.1402 		-20.5317 		1.2573
v -2.987 		21.6562 		0.8441
v -4.1465 		-20.5317 		1.2558
v -2.944 		21.4448 		0.734
v 3.272 		-21.6073 		0.4239
v 0.706 		-10.7151 		1.6207
v 6.001 		-16.1634 		0.5222
v 1.036 		-9.6427 		1.6207
v -2.817 		14.9175 		0.3322
v -2.817 		20.815 		0.6264
v -4.1402 		-20.5317 		0.4309
v -4.0989 		-20.5317 		0.4262
v -4.0777 		-20.5317 		0.4239
v 5.5 		-15.3397 		0.4239
v -4.0963 		-20.5317 		0.4267
v -4.1465 		-20.5317 		0.4324
v 2.33 		-10.1279 		1.572
v -4.111 		14.4323 		1.2643
v -4.0705 		-20.5317 		0.4239
v -4.6218 		-20.5317 		0.4926
v -4.52 		15.5967 		1.166
v 2.33 		-10.1279 		0.1162
v -4.6202 		-20.5317 		0.493
v -2.606 		19.7788 		1.166
v 3.624 		-22.3018 		1.166
v 0.706 		-10.7151 		0.0675
v 3.88 		-22.8057 		1.0618
v 1.036 		-9.6427 		0.0675
v -4.111 		-20.4484 		1.2643
v -4.111 		-20.4484 		0.4239
v 6.924 		-9.818 		1.166
v 7.33 		-10.1279 		1.0618
v -4.52 		15.5967 		0.5222
v 3.88 		-22.8057 		0.6264
v 0.011 		-8.7097 		1.6491
v 7.577 		-10.3163 		0.9542
v 0.0065 		-8.7226 		1.6489
v 0.011 		-9.557 		1.6427
v 0.0065 		-9.5644 		1.6426
v -4.111 		14.4323 		0.4239
v 0.011 		-9.5718 		1.6424
v 0.011 		-8.7354 		1.6487
v 0.003 		-8.7126 		1.6491
v -2.606 		19.7788 		0.5222
v 0.003 		-9.5586 		1.6427
v 6.365 		-16.7626 		1.0618
v 7.659 		-10.3788 		0.8441
v -4.853 		-20.5317 		1.166
v -4.8479 		-20.5317 		1.166
v -5.4106 		-20.5317 		1.0618
v -5.1772 		-20.5317 		1.1054
v 7.577 		-10.3163 		0.734
v -2.292 		12.9689 		1.4383
v -3.867 		18.8159 		1.0618
v -4.023 		19.3932 		0.9542
v -5.4054 		-20.5317 		1.0618
v -5.1671 		-20.5317 		1.1063
v 7.33 		-10.1279 		0.6264
v 0.0065 		3.4162 		1.6436
v 6.365 		-16.7626 		0.6264
v 0.011 		3.3853 		1.6439
v -3.597 		12.9689 		1.356
v 0.011 		-9.4015 		0.0443
v 0.0065 		-9.4324 		0.0446
v 3.624 		-22.3018 		0.5222
v 0.011 		3.4471 		1.6432
v 0.0065 		-8.7226 		0.0393
v 0.011 		-8.7097 		0.0391
v 6.924 		-9.818 		0.5222
v -4.075 		19.586 		0.8441
v 0.003 		3.3922 		1.6438
v 0.011 		-8.7354 		0.0395
v 0.011 		-9.4633 		0.045
v 0.003 		-9.4084 		0.0444
v -5.6996 		-20.5317 		0.9701
v -4.023 		19.3932 		0.734
v 0.003 		-8.7126 		0.0391
v -5.6923 		-20.5317 		0.9709
v 0.011 		3.5408 		0.0455
v 0.0065 		3.5482 		0.0456
v -3.867 		18.8159 		0.6264
v -3.597 		12.9689 		0.3322
v 0.011 		3.5556 		0.0458
v 6.924 		-13.5356 		1.0618
v 0.003 		3.5425 		0.0455
v -2.292 		12.9689 		0.2499
v -5.4106 		-20.5317 		0.6264
v -5.4925 		-20.5317 		0.6524
v 0.003 		-8.7325 		1.6488
v -2.317 		18.3515 		1.2643
v 7.16 		-13.8138 		0.9542
v 0.003 		-9.5701 		1.6425
v 7.239 		-13.9069 		0.8441
v -5.4054 		-20.5317 		0.6264
v -5.4891 		-20.5317 		0.653
v -3.611 		17.8663 		1.166
v 0.003 		-9.4564 		0.0449
v 3 		-17.2478 		1.4383
v 0.003 		-8.7325 		0.0394
v -5.317 		13.0094 		1.166
v 7.16 		-13.8138 		0.734
v 3.61 		-15.2674 		1.4383
v -3.611 		17.8663 		0.5222
v 0.003 		3.4403 		1.6433
v 6.924 		-13.5356 		0.6264
v 4.294 		-16.7626 		1.356
v -2.317 		18.3515 		0.4239
v 0.003 		3.554 		0.0457
v -5.0977 		-20.5317 		0.5679
v 4.294 		-16.7626 		0.3322
v -4.853 		-20.5317 		0.5222
v -1.954 		16.5595 		1.356
v -5.0952 		-20.5317 		0.5684
v 4.036 		-23.1124 		0.9542
v -5.65 		13.7378 		1.0618
v -3.259 		16.5595 		1.2643
v 4.088 		-23.2142 		0.8441
v 6.586 		-17.1262 		0.9542
v -1.023 		3.6265 		1.6207
v 4.036 		-23.1124 		0.734
v -4.8479 		-20.5317 		0.5222
v 6.66 		-17.2478 		0.8441
v -5.65 		13.7378 		0.6264
v 6.586 		-17.1262 		0.734
v 0.011 		-10.4374 		1.6361
v 0.0065 		-10.4541 		1.6359
v 3 		-17.2478 		0.2499
v 0.011 		-10.4708 		1.6357
v -5.317 		13.0094 		0.5222
v 0.003 		-10.4411 		1.636
v 3.61 		-15.2674 		0.2499
v -5.65 		-19.754 		1.0618
v -1.023 		3.6265 		0.0675
v 2.619 		-23.3172 		1.166
v 2.83 		-23.8671 		1.0618
v 5.071 		-3.0081 		1.4383
v 4.83 		2.2037 		1.4383
v 0.0065 		-10.4541 		0.0523
v 0.011 		-10.4374 		0.0521
v -5.65 		-19.754 		0.6264
v 5.934 		-3.0081 		1.356
v 0.011 		-10.4708 		0.0525
v -3.259 		16.5595 		0.4239
v 0.003 		-10.4411 		0.0522
v -4.858 		12.0061 		1.2643
v 4.871 		-18.0222 		1.2643
v -1.954 		16.5595 		0.3322
v 5.33 		-19.0256 		1.166
v 2.83 		-23.8671 		0.6264
v 4.83 		2.2037 		0.2499
v 5.934 		-3.0081 		0.3322
v 0.003 		-10.4671 		1.6357
v 2.619 		-23.3172 		0.5222
v 2.83 		0.6778 		1.572
v -4.817 		16.4434 		1.0618
v -4.858 		12.0061 		0.4239
v 0.003 		-10.4671 		0.0525
v 2.619 		2.4414 		1.572
v -4.52 		-21.0969 		1.166
v -4.998 		16.9571 		0.9542
v 2.957 		-24.2012 		0.9542
v 3.88 		1.4796 		1.5106
v 3 		-24.3129 		0.8441
v -5.853 		14.1804 		0.9542
v 5.33 		-19.0256 		0.5222
v -5.921 		14.3293 		0.8441
v 5.071 		-3.0081 		0.2499
v 2.957 		-24.2012 		0.734
v -0.693 		-10.7151 		1.6207
v -5.058 		17.1302 		0.8441
v -4.52 		-21.0969 		0.5222
v 3.88 		1.4796 		0.1776
v -1.023 		-9.6427 		1.6207
v -5.853 		14.1804 		0.734
v 0.5489 		-20.5317 		1.4685
v -4.817 		-21.546 		1.0618
v 0.5513 		-20.5317 		1.4681
v 4.871 		-18.0222 		0.4239
v -4.998 		16.9571 		0.734
v 1.4767 		-20.5317 		1.4383
v 1.464 		-20.5317 		1.4383
v -4.998 		-21.8187 		0.9542
v 2.83 		0.6778 		0.1162
v -4.817 		16.4434 		0.6264
v -0.693 		-10.7151 		0.0675
v -1.693 		10.7464 		1.5106
v 2.619 		2.4414 		0.1162
v -5.058 		-21.9108 		0.8441
v -1.023 		-9.6427 		0.0675
v 1.5529 		-20.5317 		1.4351
v 3.61 		-18.985 		1.356
v -2.987 		11.2316 		1.4383
v -4.998 		-21.8187 		0.734
v 1.5565 		-20.5317 		1.4344
v 1.758 		-20.5317 		1.4242
v 1.8047 		-20.5317 		1.4212
v -4.817 		-21.546 		0.6264
v 5.011 		-0.3792 		1.4383
v 3.61 		-18.985 		0.3322
v 5.866 		-0.0594 		1.356
v 1.5529 		-20.5317 		0.2531
v -1.814 		-3.0081 		1.6207
v 1.5239 		-20.5317 		0.2519
v -2.987 		11.2316 		0.2499
v 6.924 		7.5195 		1.0618
v 1.4767 		-20.5317 		0.2499
v -2.987 		-3.0081 		1.572
v 7.16 		7.7977 		0.9542
v 1.5565 		-20.5317 		0.2538
v 1.5213 		-20.5317 		0.2523
v -1.693 		10.7464 		0.1776
v 6.586 		11.1101 		0.9542
v 3 		-3.0081 		1.572
v -2.317 		-22.5592 		1.2643
v 1.464 		-20.5317 		0.2499
v 5.866 		-0.0594 		0.3322
v 4.088 		-3.0081 		1.5106
v 2.1594 		-20.5317 		0.2853
v -2.987 		-3.0081 		0.1162
v -4.281 		10.7464 		1.356
v 2.1578 		-20.5317 		0.2857
v -3.611 		-22.3018 		1.166
v 7.239 		7.8908 		0.8441
v 4.088 		-3.0081 		0.1776
v 6.66 		11.2316 		0.8441
v -1.814 		-3.0081 		0.0675
v 0.5 		-15.3397 		1.572
v 0.5489 		-20.5317 		0.2197
v 7.16 		7.7977 		0.734
v 3 		-3.0081 		0.1162
v 6.586 		11.1101 		0.734
v 0.5513 		-20.5317 		0.2201
v -3.611 		-22.3018 		0.5222
v 0.8078 		-20.5317 		0.2281
v -2.317 		-22.5592 		0.4239
v 2.305 		-15.2674 		1.5106
v 0.8062 		-20.5317 		0.2284
v 6.924 		7.5195 		0.6264
v -4.075 		-3.0081 		1.5106
v -4.281 		10.7464 		0.3322
v 2.305 		-15.2674 		0.1776
v 5.011 		-5.6369 		1.4383
v -5.058 		-3.0081 		1.4383
v 0.5 		-15.3397 		0.1162
v -2.817 		7.5457 		1.5106
v 1.536 		-20.4484 		1.4383
v 5.866 		-5.9568 		1.356
v -2.292 		9.2512 		1.5106
v -5.058 		-3.0081 		0.2499
v -2.606 		-23.3172 		1.166
v 5.011 		-0.3792 		0.2499
v -2.817 		-23.8671 		1.0618
v -4.075 		-3.0081 		0.1776
v 5.866 		-5.9568 		0.3322
v 1.536 		-20.4484 		0.2499
v 5.011 		-5.6369 		0.2499
v -3.597 		9.2512 		1.4383
v 2.957 		-1.1492 		1.572
v 7.33 		4.1118 		1.0618
v -1.683 		-5.8286 		1.6207
v 4.036 		-0.7451 		1.5106
v 2.957 		-4.8669 		1.572
v -1.781 		-4.431 		1.6207
v -2.817 		-23.8671 		0.6264
v 4.036 		-5.2711 		1.5106
v 7.577 		4.3002 		0.9542
v -2.944 		-4.8669 		1.572
v 0.706 		-21.0969 		1.4383
v -3.597 		9.2512 		0.2499
v 1.706 		-16.7626 		1.5106
v 4.036 		-0.7451 		0.1776
v 7.659 		4.3626 		0.8441
v -2.606 		-23.3172 		0.5222
v 1.967 		-21.6073 		1.356
v 7.577 		4.3002 		0.734
v 1.706 		-16.7626 		0.1776
v 2.957 		-1.1492 		0.1162
v -2.944 		-4.8669 		0.1162
v 1.967 		-21.6073 		0.3322
v 7.33 		4.1118 		0.6264
v 0.706 		-21.0969 		0.2499
v -1.683 		-5.8286 		0.0675
v 0.0065 		-16.0322 		1.572
v 0.011 		-16.0385 		1.572
v -3.867 		-22.8057 		1.0618
v -1.781 		-4.431 		0.0675
v 1.536 		1.1631 		1.6207
v 0.011 		-16.0259 		1.572
v 4.533 		15.5967 		1.166
v 0.003 		-16.0371 		1.572
v 1.314 		2.4414 		1.6207
v 0.011 		-16.7743 		1.5589
v 0.0065 		-16.8052 		1.5582
v 0.0065 		-20.5317 		1.4814
v 0.011 		-20.5317 		1.4815
v -4.023 		-23.1124 		0.9542
v 0.011 		-16.836 		1.5575
v 0.011 		-20.5317 		1.4813
v 0.003 		-16.7811 		1.5587
v 5.866 		14.1804 		0.9542
v 0.003 		-20.5317 		1.4815
v -4.023 		-5.2711 		1.5106
v 0.0488 		-20.5317 		1.4804
v -4.075 		-23.2142 		0.8441
v 0.0065 		-16.3171 		1.5669
v 0.011 		-16.3097 		1.5671
v 0.003 		-20.5317 		1.4813
v -2.817 		7.5457 		0.1776
v 0.011 		-16.3245 		1.5666
v -4.023 		-23.1124 		0.734
v -2.292 		9.2512 		0.1776
v 0.011 		-20.5317 		1.4811
v 0.003 		-16.3113 		1.5671
v 5.934 		14.3293 		0.8441
v 1.536 		1.1631 		0.0675
v 0.0589 		-20.5317 		1.4797
v 1.314 		2.4414 		0.0675
v -3.867 		-22.8057 		0.6264
v 5.866 		14.1804 		0.734
v 0.0065 		-16.8052 		0.13
v 0.011 		-16.7743 		0.1293
v -4.858 		8.2895 		1.356
v -4.998 		-5.6369 		1.4383
v 0.011 		-16.836 		0.1307
v 0.003 		-16.7811 		0.1295
v 0.0065 		-16.0322 		0.1162
v 0.011 		-16.0385 		0.1162
v 0.011 		-16.0259 		0.1162
v -1.683 		-24.7116 		1.0618
v 0.011 		1.6452 		1.656
v 0.003 		-16.0371 		0.1162
v 0.0065 		-20.5317 		1.481
v -1.781 		-25.0687 		0.9542
v 0.011 		-20.5317 		1.4809
v -5.487 		9.3235 		1.2643
v 0.0065 		1.6306 		1.656
v -4.998 		-5.6369 		0.2499
v -2.944 		-24.2012 		0.9542
v 0.003 		1.642 		1.656
v 0.011 		2.6936 		1.6491
v 0.0065 		2.7064 		1.6489
v -0.487 		-15.3397 		1.572
v 0.003 		-16.0273 		1.572
v -1.814 		-25.1881 		0.8441
v 0.011 		-20.5317 		0.2067
v -5.487 		9.3235 		0.4239
v -2.987 		-24.3129 		0.8441
v -4.023 		-5.2711 		0.1776
v 0.011 		2.7192 		1.6487
v 0.003 		2.6964 		1.6491
v 0.003 		-16.8292 		1.5577
v 0.1107 		-20.5317 		0.2093
v -4.858 		8.2895 		0.3322
v 0.0065 		-20.5317 		0.2068
v -1.781 		-25.0687 		0.734
v 0.011 		-20.5317 		0.2069
v -2.944 		-24.2012 		0.734
v 0.003 		-16.3228 		1.5667
v 0.003 		-20.5317 		0.2067
v -1.683 		-24.7116 		0.6264
v 0.003 		-20.5317 		0.2069
v 0.003 		-20.5317 		0.2072
v -5.7498 		-20.5317 		0.9542
v -5.7449 		-20.5317 		0.9542
v 0.0065 		-20.5317 		0.2072
v 0.011 		-20.5317 		0.2071
v -5.8556 		-20.5317 		0.8519
v -5.8636 		-20.5317 		0.8441
v -5.8499 		-20.5317 		0.8526
v 0.011 		-20.5317 		0.2073
v -5.988 		10.1472 		1.166
v -5.8587 		-20.5317 		0.8441
v 0.011 		2.4066 		0.0372
v 0.011 		1.6452 		0.0322
v 0.0065 		1.6306 		0.0322
v 0.0065 		2.4119 		0.0373
v -5.7498 		-20.5317 		0.734
v -5.7627 		-20.5317 		0.7465
v 0.003 		-16.8292 		0.1305
v -5.7449 		-20.5317 		0.734
v -5.7584 		-20.5317 		0.7471
v -6.352 		10.7464 		1.0618
v 0.011 		2.6936 		0.0391
v 0.0065 		2.7064 		0.0393
v -0.487 		-15.3397 		0.1162
v 0.1082 		-20.5317 		0.2096
v 0.003 		-16.0273 		0.1162
v 0.011 		2.7192 		0.0395
v 0.011 		2.4172 		0.0375
v -5.853 		-20.1965 		0.9542
v 0.003 		1.642 		0.0322
v 0.003 		2.4078 		0.0372
v -5.921 		-20.3455 		0.8441
v -6.573 		11.1101 		0.9542
v -5.921 		-3.0081 		1.356
v -5.853 		-20.1965 		0.734
v -6.647 		-3.0081 		1.2643
v -6.647 		11.2316 		0.8441
v 0.003 		2.6964 		0.0391
v -6.573 		11.1101 		0.734
v -0.0358 		-20.5317 		1.4804
v -0.5359 		-20.5317 		1.4685
v -6.352 		10.7464 		0.6264
v 0.003 		1.6192 		1.656
v -0.5383 		-20.5317 		1.4681
v -0.0458 		-20.5317 		1.4797
v 1.044 		-18.0222 		1.5106
v 0.003 		2.7164 		1.6488
v -5.988 		10.1472 		0.5222
v -1.4637 		-20.5317 		1.4383
v 2.305 		-18.985 		1.4383
v -1.451 		-20.5317 		1.4383
v 0.003 		2.416 		0.0374
v 0.003 		1.6192 		0.0322
v 0.003 		2.7164 		0.0394
v 2.305 		-18.985 		0.2499
v -6.911 		7.5195 		1.0618
v -7.147 		7.7977 		0.9542
v -1.5399 		-20.5317 		1.4351
v 1.044 		-18.0222 		0.1776
v -1.5435 		-20.5317 		1.4344
v -1.301 		2.4414 		1.6207
v -7.226 		7.8908 		0.8441
v 0.0065 		-18.3189 		1.5298
v 0.011 		-18.3091 		1.53
v 0.011 		-19.3424 		1.5106
v -1.5109 		-20.5317 		0.2519
v -1.5399 		-20.5317 		0.2531
v 0.011 		-18.3288 		1.5295
v -7.147 		7.7977 		0.734
v -1.301 		2.4414 		0.0675
v -1.4637 		-20.5317 		0.2499
v 0.33 		-19.0256 		1.5106
v 0.0065 		-19.3381 		1.5106
v 0.011 		-19.3338 		1.5106
v -1.5083 		-20.5317 		0.2523
v -1.5435 		-20.5317 		0.2538
v -6.911 		7.5195 		0.6264
v 0.241 		0.6778 		1.656
v 0.0065 		1.3472 		1.6571
v 0.011 		1.3344 		1.6572
v -1.451 		-20.5317 		0.2499
v 0.011 		1.3681 		1.6571
v 0.0065 		1.3779 		1.657
v 0.011 		1.36 		1.657
v 0.011 		1.3877 		1.6569
v 0.053 		1.4796 		1.656
v 0.011 		-19.3424 		0.1776
v 5.33 		5.6387 		1.356
v -0.5359 		-20.5317 		0.2197
v -0.0977 		-20.5317 		0.2093
v 6.001 		6.4307 		1.2643
v 0.011 		1.616 		1.656
v -0.0952 		-20.5317 		0.2096
v -0.5383 		-20.5317 		0.2201
v -0.7948 		-20.5317 		0.2281
v -0.7932 		-20.5317 		0.2284
v -1.523 		-20.4484 		1.4383
# 1708 vertices

g group_0_40919

usemtl color_40919
s 0

f 1602 	8 	20
f 21 	16 	17
f 16 	21 	25
f 1575 	1570 	12
f 17 	327 	27
f 15 	25 	9
f 21 	17 	32
f 30 	29 	33
f 31 	394 	22
f 25 	21 	37
f 5 	37 	21
f 27 	38 	17
f 32 	17 	38
f 25 	37 	9
f 1641 	1625 	38
f 9 	37 	5
f 114 	108 	44
f 988 	13 	39
f 43 	699 	40
f 1 	4 	47
f 23 	97 	49
f 66 	71 	47
f 53 	45 	54
f 42 	178 	52
f 47 	71 	51
f 46 	55 	49
f 46 	397 	55
f 183 	49 	55
f 58 	170 	57
f 60 	53 	54
f 1544 	1545 	64
f 49 	183 	23
f 29 	1652 	33
f 4 	66 	47
f 4 	18 	66
f 1550 	704 	69
f 71 	156 	51
f 66 	79 	71
f 66 	75 	79
f 79 	190 	71
f 70 	76 	41
f 1604 	12 	14
f 79 	213 	190
f 75 	22 	394
f 72 	285 	76
f 87 	79 	75
f 76 	135 	41
f 394 	87 	75
f 76 	284 	135
f 1629 	78 	73
f 213 	79 	227
f 87 	227 	79
f 106 	107 	92
f 94 	90 	93
f 91 	93 	90
f 111 	95 	107
f 68 	89 	679
f 146 	42 	84
f 98 	93 	97
f 93 	91 	97
f 230 	237 	91
f 92 	57 	96
f 102 	112 	99
f 30 	33 	104
f 105 	30 	104
f 86 	92 	107
f 102 	99 	114
f 108 	114 	99
f 104 	33 	34
f 48 	34 	33
f 86 	107 	95
f 335 	111 	107
f 109 	101 	90
f 109 	90 	94
f 100 	99 	112
f 113 	92 	96
f 98 	97 	23
f 92 	113 	106
f 405 	94 	406
f 416 	28 	56
f 100 	112 	110
f 115 	110 	112
f 406 	93 	98
f 116 	50 	1166
f 405 	420 	94
f 638 	69 	62
f 118 	119 	120
f 118 	120 	121
f 113 	354 	106
f 102 	118 	121
f 102 	121 	112
f 123 	124 	126
f 123 	126 	128
f 124 	281 	126
f 119 	118 	131
f 130 	131 	118
f 118 	102 	130
f 114 	130 	102
f 117 	129 	74
f 132 	133 	120
f 121 	120 	133
f 51 	131 	130
f 51 	130 	44
f 123 	134 	135
f 124 	135 	281
f 123 	135 	124
f 137 	129 	117
f 126 	138 	139
f 126 	139 	128
f 651 	61 	733
f 1664 	137 	117
f 150 	151 	119
f 454 	39 	13
f 131 	156 	119
f 142 	143 	54
f 60 	54 	143
f 127 	125 	149
f 148 	149 	125
f 1589 	1654 	143
f 127 	149 	136
f 51 	156 	131
f 122 	6 	141
f 89 	68 	1180
f 84 	82 	618
f 140 	157 	125
f 112 	121 	115
f 481 	482 	145
f 38 	27 	129
f 337 	386 	27
f 145 	144 	128
f 123 	128 	144
f 133 	115 	121
f 116 	80 	50
f 44 	130 	114
f 56 	515 	416
f 144 	482 	147
f 147 	134 	144
f 38 	129 	137
f 1641 	38 	1664
f 116 	83 	80
f 120 	119 	151
f 153 	490 	145
f 56 	59 	515
f 150 	154 	173
f 116 	1197 	83
f 515 	59 	520
f 41 	147 	487
f 155 	136 	149
f 149 	1616 	155
f 1197 	661 	83
f 1575 	12 	1629
f 78 	1629 	12
f 77 	520 	59
f 123 	144 	134
f 145 	128 	153
f 139 	153 	128
f 148 	125 	157
f 41 	134 	147
f 154 	150 	175
f 156 	175 	150
f 150 	119 	156
f 168 	162 	163
f 171 	132 	151
f 58 	1656 	170
f 120 	151 	132
f 168 	554 	162
f 151 	150 	173
f 167 	174 	170
f 154 	180 	173
f 151 	173 	171
f 177 	415 	23
f 176 	171 	173
f 146 	178 	42
f 178 	146 	667
f 71 	175 	156
f 182 	184 	181
f 180 	181 	184
f 1662 	1225 	167
f 733 	161 	651
f 178 	359 	52
f 184 	173 	180
f 23 	183 	185
f 154 	175 	180
f 175 	189 	180
f 181 	180 	189
f 181 	189 	190
f 23 	185 	177
f 184 	182 	192
f 184 	192 	193
f 71 	190 	189
f 177 	1537 	251
f 181 	204 	182
f 185 	1537 	177
f 191 	196 	197
f 213 	204 	190
f 160 	164 	228
f 205 	222 	182
f 199 	196 	191
f 101 	109 	163
f 239 	101 	316
f 168 	163 	109
f 1705 	200 	186
f 187 	186 	200
f 109 	420 	168
f 188 	1035 	195
f 194 	665 	198
f 1033 	1035 	188
f 173 	184 	193
f 176 	173 	193
f 1239 	665 	194
f 196 	139 	197
f 139 	138 	197
f 189 	175 	71
f 170 	174 	113
f 113 	96 	170
f 96 	57 	170
f 205 	182 	204
f 139 	196 	153
f 204 	206 	205
f 354 	113 	174
f 199 	153 	196
f 1528 	1536 	202
f 208 	209 	210
f 208 	210 	212
f 181 	190 	204
f 227 	206 	213
f 204 	213 	206
f 203 	225 	211
f 235 	215 	234
f 209 	208 	217
f 216 	217 	208
f 52 	359 	207
f 212 	210 	219
f 218 	219 	210
f 192 	182 	222
f 370 	207 	359
f 46 	217 	216
f 200 	157 	187
f 140 	187 	157
f 203 	70 	41
f 214 	234 	215
f 206 	226 	205
f 1532 	201 	202
f 234 	214 	221
f 206 	241 	226
f 241 	206 	227
f 235 	351 	215
f 41 	225 	203
f 231 	232 	230
f 229 	230 	232
f 205 	233 	222
f 211 	225 	291
f 232 	209 	229
f 90 	231 	91
f 205 	226 	233
f 534 	533 	225
f 229 	236 	230
f 237 	230 	236
f 209 	236 	229
f 239 	245 	232
f 239 	232 	231
f 1076 	1082 	243
f 49 	237 	236
f 241 	242 	226
f 232 	210 	209
f 246 	1086 	243
f 217 	236 	209
f 241 	227 	247
f 245 	218 	232
f 487 	534 	225
f 232 	218 	210
f 1076 	243 	1086
f 236 	217 	46
f 236 	46 	49
f 230 	91 	231
f 97 	91 	237
f 254 	255 	253
f 256 	253 	255
f 231 	101 	239
f 101 	231 	90
f 195 	1086 	246
f 242 	250 	226
f 237 	49 	97
f 163 	316 	101
f 259 	253 	258
f 253 	256 	258
f 233 	226 	250
f 87 	247 	227
f 258 	1689 	259
f 260 	279 	261
f 262 	265 	255
f 262 	255 	254
f 278 	285 	261
f 264 	460 	272
f 441 	428 	265
f 273 	274 	266
f 389 	267 	276
f 251 	1689 	258
f 278 	261 	279
f 254 	253 	1691
f 275 	238 	224
f 1138 	220 	270
f 279 	283 	278
f 281 	278 	283
f 267 	1598 	276
f 253 	259 	1691
f 1695 	1691 	259
f 1690 	142 	254
f 1528 	202 	276
f 275 	1384 	238
f 285 	278 	284
f 268 	261 	285
f 281 	284 	278
f 54 	355 	142
f 286 	287 	277
f 286 	277 	266
f 289 	279 	271
f 275 	282 	1384
f 1598 	1528 	276
f 260 	271 	279
f 287 	299 	277
f 72 	268 	285
f 299 	293 	277
f 274 	286 	266
f 289 	292 	283
f 289 	283 	279
f 290 	166 	159
f 284 	76 	285
f 295 	549 	1172
f 283 	126 	281
f 160 	297 	290
f 294 	1160 	288
f 297 	166 	290
f 159 	295 	1172
f 134 	41 	135
f 159 	166 	295
f 135 	284 	281
f 166 	343 	295
f 299 	300 	293
f 343 	552 	295
f 138 	126 	292
f 950 	1163 	288
f 283 	292 	126
f 1160 	1173 	288
f 298 	303 	305
f 304 	305 	303
f 309 	311 	312
f 301 	293 	315
f 314 	315 	293
f 310 	305 	304
f 316 	317 	318
f 309 	318 	311
f 317 	311 	318
f 315 	325 	301
f 320 	305 	319
f 298 	305 	320
f 310 	319 	305
f 296 	306 	249
f 325 	326 	301
f 162 	317 	163
f 316 	163 	317
f 201 	313 	172
f 300 	314 	293
f 172 	302 	201
f 304 	303 	324
f 322 	324 	303
f 202 	302 	276
f 202 	201 	302
f 440 	257 	306
f 291 	320 	319
f 291 	319 	15
f 1529 	249 	306
f 323 	301 	326
f 310 	327 	16
f 17 	16 	327
f 179 	313 	1249
f 321 	566 	308
f 310 	304 	327
f 329 	330 	331
f 329 	331 	332
f 16 	25 	333
f 16 	333 	310
f 332 	335 	336
f 332 	336 	329
f 321 	334 	566
f 574 	566 	334
f 313 	179 	307
f 338 	607 	323
f 313 	307 	172
f 297 	160 	228
f 337 	27 	327
f 326 	338 	323
f 340 	341 	332
f 335 	332 	341
f 332 	331 	340
f 339 	340 	331
f 248 	1088 	1160
f 15 	333 	25
f 330 	329 	346
f 344 	346 	329
f 294 	248 	1160
f 297 	342 	166
f 340 	339 	347
f 110 	115 	274
f 133 	286 	115
f 342 	343 	166
f 310 	333 	319
f 273 	110 	274
f 342 	297 	240
f 334 	272 	574
f 468 	574 	272
f 324 	337 	304
f 348 	552 	343
f 221 	349 	234
f 327 	304 	337
f 274 	115 	286
f 287 	286 	133
f 133 	132 	287
f 171 	299 	132
f 223 	215 	351
f 333 	15 	319
f 344 	524 	346
f 348 	343 	252
f 287 	132 	299
f 176 	300 	171
f 240 	297 	228
f 354 	344 	336
f 329 	336 	344
f 299 	171 	300
f 193 	300 	176
f 347 	341 	340
f 221 	511 	349
f 345 	358 	328
f 336 	335 	106
f 107 	106 	335
f 314 	300 	193
f 193 	192 	314
f 315 	314 	192
f 341 	111 	335
f 188 	195 	350
f 325 	315 	222
f 192 	222 	315
f 355 	45 	356
f 233 	325 	222
f 356 	45 	353
f 336 	106 	354
f 325 	233 	326
f 355 	54 	45
f 352 	11 	1033
f 352 	1033 	188
f 328 	358 	357
f 341 	224 	111
f 347 	224 	341
f 233 	250 	326
f 338 	326 	250
f 363 	364 	330
f 331 	330 	364
f 345 	360 	358
f 398 	339 	364
f 331 	364 	339
f 191 	197 	345
f 363 	365 	364
f 252 	343 	342
f 674 	774 	359
f 368 	369 	367
f 366 	367 	369
f 197 	360 	345
f 370 	359 	774
f 309 	312 	219
f 218 	309 	219
f 342 	372 	252
f 366 	369 	375
f 374 	375 	369
f 207 	408 	220
f 342 	240 	372
f 245 	239 	318
f 218 	245 	318
f 316 	318 	239
f 318 	309 	218
f 370 	408 	207
f 378 	367 	377
f 376 	377 	375
f 366 	377 	367
f 375 	377 	366
f 361 	373 	44
f 357 	358 	271
f 369 	368 	379
f 369 	379 	380
f 289 	271 	358
f 289 	358 	360
f 289 	360 	292
f 385 	371 	74
f 382 	371 	385
f 47 	373 	1
f 138 	292 	197
f 389 	362 	269
f 386 	74 	129
f 197 	292 	360
f 47 	51 	373
f 389 	381 	362
f 386 	385 	74
f 373 	51 	44
f 317 	1452 	311
f 265 	262 	356
f 355 	356 	262
f 302 	172 	381
f 22 	75 	18
f 808 	802 	391
f 267 	269 	384
f 262 	142 	355
f 348 	252 	392
f 369 	393 	374
f 267 	389 	269
f 75 	66 	18
f 244 	388 	387
f 1587 	267 	384
f 380 	393 	369
f 385 	324 	382
f 337 	324 	385
f 322 	382 	324
f 129 	27 	386
f 389 	302 	381
f 1192 	1191 	374
f 385 	386 	337
f 195 	383 	350
f 31 	395 	394
f 302 	389 	276
f 243 	244 	387
f 243 	387 	246
f 390 	246 	387
f 393 	1200 	374
f 244 	391 	388
f 240 	85 	372
f 216 	485 	46
f 248 	391 	244
f 394 	395 	494
f 396 	397 	46
f 372 	85 	88
f 403 	398 	365
f 690 	368 	367
f 152 	717 	775
f 363 	330 	399
f 346 	399 	330
f 339 	398 	347
f 368 	690 	379
f 394 	494 	87
f 400 	347 	398
f 494 	502 	87
f 363 	401 	365
f 383 	246 	390
f 371 	816 	169
f 74 	371 	169
f 383 	195 	246
f 93 	406 	94
f 384 	141 	1587
f 70 	7 	402
f 364 	365 	398
f 411 	405 	410
f 406 	410 	405
f 399 	414 	363
f 414 	401 	363
f 398 	403 	400
f 88 	26 	412
f 347 	275 	224
f 417 	410 	415
f 410 	406 	415
f 98 	415 	406
f 877 	876 	419
f 109 	94 	420
f 347 	400 	275
f 467 	413 	72
f 98 	23 	415
f 749 	752 	401
f 423 	881 	419
f 365 	752 	403
f 420 	405 	424
f 416 	412 	28
f 538 	72 	413
f 411 	424 	405
f 415 	177 	417
f 414 	757 	401
f 410 	426 	411
f 425 	411 	426
f 26 	28 	412
f 403 	756 	400
f 72 	402 	467
f 437 	455 	409
f 402 	72 	76
f 428 	425 	427
f 426 	427 	425
f 400 	282 	275
f 402 	76 	70
f 427 	256 	428
f 409 	455 	421
f 430 	429 	434
f 258 	256 	433
f 427 	433 	256
f 432 	433 	427
f 427 	426 	432
f 410 	417 	426
f 432 	426 	417
f 384 	269 	422
f 411 	435 	424
f 411 	425 	435
f 443 	436 	434
f 611 	637 	413
f 177 	251 	432
f 177 	432 	417
f 413 	517 	538
f 435 	555 	424
f 435 	425 	441
f 428 	441 	425
f 442 	434 	429
f 432 	251 	433
f 430 	434 	436
f 444 	445 	446
f 444 	446 	447
f 428 	256 	255
f 438 	448 	429
f 448 	442 	429
f 436 	443 	440
f 418 	444 	447
f 418 	447 	419
f 255 	265 	428
f 605 	472 	439
f 449 	526 	36
f 452 	453 	456
f 452 	456 	457
f 450 	397 	396
f 458 	444 	455
f 445 	444 	458
f 444 	418 	455
f 421 	455 	418
f 264 	263 	460
f 459 	460 	263
f 461 	462 	446
f 447 	446 	462
f 434 	442 	457
f 270 	466 	263
f 36 	39 	449
f 437 	458 	455
f 505 	506 	459
f 39 	454 	449
f 457 	456 	465
f 464 	465 	456
f 459 	263 	466
f 466 	510 	459
f 452 	457 	442
f 468 	272 	460
f 434 	457 	443
f 465 	443 	457
f 453 	452 	470
f 469 	470 	452
f 13 	122 	454
f 220 	408 	270
f 466 	270 	408
f 465 	464 	471
f 505 	459 	510
f 469 	545 	470
f 462 	423 	447
f 419 	447 	423
f 88 	412 	542
f 408 	510 	466
f 443 	465 	440
f 44 	437 	361
f 608 	473 	472
f 448 	469 	442
f 641 	1223 	476
f 251 	258 	433
f 100 	446 	445
f 100 	445 	99
f 477 	478 	479
f 477 	479 	480
f 144 	145 	482
f 99 	445 	108
f 458 	108 	445
f 446 	100 	461
f 452 	442 	469
f 483 	482 	481
f 416 	515 	605
f 478 	477 	485
f 484 	485 	477
f 471 	440 	465
f 110 	461 	100
f 487 	147 	482
f 482 	483 	487
f 480 	479 	489
f 488 	489 	479
f 257 	440 	471
f 437 	108 	458
f 481 	145 	490
f 484 	396 	485
f 351 	404 	223
f 487 	225 	41
f 437 	44 	108
f 257 	471 	1531
f 483 	495 	493
f 492 	493 	495
f 404 	351 	431
f 483 	481 	495
f 496 	456 	497
f 453 	497 	456
f 492 	298 	493
f 498 	763 	747
f 241 	499 	242
f 500 	242 	499
f 320 	533 	298
f 212 	479 	478
f 212 	478 	208
f 491 	498 	747
f 496 	501 	456
f 464 	456 	501
f 208 	478 	216
f 485 	216 	478
f 502 	499 	247
f 241 	247 	499
f 379 	476 	475
f 486 	393 	475
f 380 	475 	393
f 380 	379 	475
f 628 	498 	491
f 471 	464 	501
f 250 	242 	504
f 500 	504 	242
f 479 	212 	488
f 219 	488 	212
f 503 	497 	470
f 460 	459 	506
f 453 	470 	497
f 396 	46 	485
f 247 	87 	502
f 497 	125 	496
f 127 	496 	125
f 847 	505 	510
f 451 	763 	498
f 576 	122 	141
f 127 	136 	496
f 460 	506 	468
f 494 	395 	509
f 507 	530 	508
f 501 	496 	136
f 513 	468 	506
f 499 	512 	514
f 499 	514 	500
f 140 	125 	503
f 497 	503 	125
f 516 	527 	512
f 669 	214 	670
f 215 	670 	214
f 528 	538 	508
f 439 	627 	392
f 1531 	471 	501
f 136 	1531 	501
f 669 	673 	214
f 499 	502 	519
f 516 	512 	532
f 519 	532 	512
f 499 	519 	512
f 215 	223 	670
f 500 	514 	504
f 473 	734 	472
f 640 	518 	507
f 522 	504 	514
f 521 	523 	524
f 494 	519 	502
f 525 	521 	524
f 847 	510 	408
f 514 	512 	527
f 528 	508 	530
f 174 	167 	529
f 739 	473 	474
f 261 	528 	260
f 530 	260 	528
f 529 	521 	525
f 529 	525 	174
f 493 	298 	533
f 534 	493 	533
f 483 	493 	534
f 487 	483 	534
f 520 	77 	526
f 1225 	529 	167
f 514 	527 	522
f 492 	495 	537
f 538 	528 	268
f 517 	508 	538
f 261 	268 	528
f 77 	36 	526
f 536 	522 	527
f 567 	568 	521
f 540 	530 	518
f 291 	225 	533
f 507 	518 	530
f 539 	537 	495
f 509 	532 	519
f 509 	519 	494
f 449 	623 	526
f 885 	886 	516
f 963 	541 	535
f 1464 	573 	529
f 271 	260 	540
f 530 	540 	260
f 516 	532 	893
f 516 	893 	885
f 252 	372 	542
f 529 	1225 	1464
f 495 	481 	539
f 268 	72 	538
f 543 	544 	545
f 490 	539 	481
f 546 	547 	548
f 527 	886 	536
f 372 	88 	542
f 298 	492 	303
f 897 	536 	886
f 311 	547 	546
f 311 	546 	312
f 537 	322 	492
f 532 	509 	893
f 303 	492 	322
f 533 	320 	291
f 539 	578 	537
f 288 	280 	531
f 295 	552 	549
f 1513 	547 	311
f 554 	553 	162
f 288 	531 	535
f 541 	294 	535
f 555 	553 	554
f 977 	556 	551
f 288 	535 	294
f 558 	353 	553
f 555 	558 	553
f 553 	775 	162
f 561 	544 	543
f 612 	608 	520
f 558 	564 	353
f 186 	187 	561
f 186 	561 	543
f 560 	1336 	308
f 564 	356 	353
f 186 	543 	550
f 1686 	1692 	550
f 523 	521 	568
f 569 	570 	563
f 569 	563 	551
f 567 	571 	568
f 308 	566 	560
f 357 	583 	328
f 521 	529 	573
f 573 	567 	521
f 816 	371 	572
f 588 	562 	307
f 574 	582 	566
f 454 	628 	449
f 172 	307 	562
f 556 	569 	551
f 199 	191 	575
f 572 	575 	191
f 582 	995 	566
f 172 	562 	381
f 578 	572 	577
f 1536 	345 	328
f 371 	577 	572
f 266 	559 	563
f 578 	575 	572
f 382 	577 	371
f 179 	565 	307
f 266 	1227 	559
f 995 	560 	566
f 420 	424 	554
f 554 	168 	420
f 555 	554 	424
f 580 	664 	557
f 1066 	1016 	511
f 570 	273 	563
f 441 	265 	564
f 435 	441 	558
f 555 	435 	558
f 564 	558 	441
f 583 	580 	557
f 266 	563 	273
f 356 	564 	265
f 557 	328 	583
f 808 	391 	963
f 541 	963 	391
f 573 	579 	567
f 575 	490 	199
f 153 	199 	490
f 548 	489 	546
f 488 	546 	489
f 576 	141 	384
f 581 	648 	35
f 277 	1227 	266
f 490 	575 	539
f 382 	322 	577
f 537 	577 	322
f 578 	577 	537
f 294 	541 	391
f 294 	391 	248
f 585 	648 	581
f 578 	539 	575
f 312 	546 	488
f 312 	488 	219
f 542 	392 	252
f 549 	585 	581
f 552 	585 	549
f 640 	580 	518
f 574 	468 	582
f 513 	582 	468
f 597 	392 	542
f 542 	412 	597
f 518 	580 	583
f 271 	540 	357
f 583 	357 	540
f 518 	583 	540
f 995 	582 	513
f 576 	422 	451
f 152 	553 	353
f 984 	598 	979
f 590 	594 	595
f 590 	595 	589
f 152 	775 	553
f 384 	422 	576
f 592 	596 	593
f 103 	19 	663
f 597 	439 	392
f 594 	590 	599
f 598 	599 	590
f 590 	979 	598
f 598 	984 	604
f 990 	604 	984
f 439 	597 	605
f 910 	604 	990
f 416 	597 	412
f 595 	606 	602
f 595 	602 	589
f 604 	599 	598
f 605 	597 	416
f 307 	565 	588
f 591 	323 	607
f 595 	594 	480
f 477 	480 	594
f 69 	603 	1550
f 605 	608 	472
f 594 	484 	477
f 599 	484 	594
f 489 	606 	480
f 595 	480 	606
f 515 	608 	605
f 484 	599 	396
f 599 	604 	396
f 584 	665 	684
f 367 	689 	690
f 993 	586 	610
f 604 	910 	450
f 543 	545 	592
f 596 	592 	545
f 515 	520 	608
f 450 	396 	604
f 550 	543 	592
f 591 	610 	586
f 379 	690 	697
f 612 	474 	473
f 607 	613 	591
f 550 	592 	600
f 695 	378 	584
f 608 	612 	473
f 613 	614 	610
f 613 	610 	591
f 684 	695 	584
f 622 	619 	615
f 620 	615 	619
f 977 	881 	556
f 462 	569 	423
f 612 	623 	474
f 621 	585 	552
f 619 	635 	620
f 623 	491 	474
f 569 	462 	570
f 556 	423 	569
f 461 	570 	462
f 404 	431 	616
f 348 	621 	552
f 520 	526 	612
f 110 	273 	461
f 526 	623 	612
f 570 	461 	273
f 626 	615 	625
f 624 	637 	620
f 627 	621 	348
f 250 	504 	338
f 607 	338 	504
f 522 	613 	504
f 623 	628 	491
f 348 	392 	627
f 629 	619 	630
f 622 	630 	619
f 607 	504 	613
f 522 	536 	614
f 449 	628 	623
f 631 	451 	498
f 613 	522 	614
f 897 	1005 	536
f 625 	611 	626
f 628 	631 	498
f 628 	454 	631
f 576 	451 	631
f 1130 	616 	431
f 624 	620 	635
f 523 	346 	524
f 524 	344 	525
f 354 	525 	344
f 508 	624 	507
f 635 	507 	624
f 634 	770 	422
f 174 	525 	354
f 637 	624 	517
f 625 	620 	637
f 508 	517 	624
f 640 	635 	629
f 619 	629 	635
f 122 	576 	631
f 633 	735 	1
f 611 	625 	637
f 454 	122 	631
f 1 	373 	633
f 507 	635 	640
f 269 	362 	634
f 517 	413 	637
f 269 	634 	422
f 603 	69 	638
f 645 	643 	644
f 381 	562 	636
f 547 	643 	645
f 547 	645 	548
f 381 	636 	362
f 18 	4 	675
f 697 	731 	379
f 675 	646 	18
f 649 	84 	618
f 646 	688 	22
f 568 	399 	523
f 648 	585 	652
f 646 	22 	18
f 31 	22 	688
f 544 	470 	545
f 585 	621 	652
f 649 	146 	84
f 544 	561 	470
f 503 	470 	561
f 140 	503 	187
f 187 	503 	561
f 568 	571 	414
f 414 	399 	568
f 346 	523 	399
f 1408 	61 	651
f 655 	659 	662
f 83 	661 	194
f 664 	659 	655
f 31 	692 	654
f 664 	655 	557
f 31 	654 	395
f 663 	158 	736
f 158 	11 	658
f 596 	448 	593
f 438 	593 	448
f 194 	661 	1239
f 658 	11 	352
f 644 	602 	645
f 606 	645 	602
f 489 	548 	606
f 645 	606 	548
f 665 	584 	198
f 545 	469 	596
f 448 	596 	469
f 663 	19 	158
f 630 	662 	659
f 630 	659 	629
f 1385 	282 	666
f 629 	659 	664
f 580 	640 	664
f 629 	664 	640
f 1 	735 	671
f 666 	672 	1411
f 178 	667 	674
f 674 	359 	178
f 547 	1510 	643
f 1316 	511 	673
f 675 	4 	671
f 562 	657 	636
f 562 	588 	657
f 221 	214 	673
f 223 	676 	670
f 671 	4 	1
f 511 	221 	673
f 601 	24 	660
f 404 	708 	223
f 81 	24 	601
f 565 	660 	588
f 690 	689 	681
f 1699 	680 	679
f 565 	601 	660
f 672 	722 	683
f 679 	103 	663
f 680 	103 	679
f 681 	1330 	686
f 687 	652 	621
f 665 	1333 	684
f 680 	62 	103
f 638 	62 	680
f 627 	687 	621
f 682 	681 	689
f 638 	2 	603
f 1532 	328 	557
f 689 	367 	695
f 695 	684 	689
f 378 	695 	367
f 692 	31 	688
f 693 	647 	642
f 647 	693 	1242
f 682 	689 	684
f 686 	697 	681
f 654 	692 	767
f 698 	647 	1242
f 649 	40 	699
f 866 	1667 	691
f 690 	681 	697
f 734 	1382 	694
f 1209 	407 	700
f 700 	616 	1209
f 699 	146 	649
f 710 	699 	43
f 296 	706 	738
f 708 	404 	616
f 653 	703 	1257
f 705 	770 	634
f 634 	716 	705
f 646 	704 	709
f 400 	760 	282
f 717 	712 	775
f 709 	688 	646
f 760 	715 	666
f 709 	718 	688
f 714 	858 	721
f 714 	721 	719
f 741 	782 	712
f 666 	282 	760
f 717 	609 	712
f 715 	838 	722
f 636 	657 	1280
f 43 	50 	710
f 841 	713 	737
f 710 	667 	699
f 715 	672 	666
f 718 	692 	688
f 710 	746 	667
f 1280 	716 	636
f 463 	641 	723
f 672 	715 	722
f 362 	716 	634
f 699 	667 	146
f 362 	636 	716
f 724 	727 	668
f 80 	710 	50
f 641 	729 	723
f 730 	694 	687
f 627 	730 	687
f 722 	726 	683
f 80 	746 	710
f 731 	641 	476
f 439 	730 	627
f 727 	1352 	693
f 909 	732 	726
f 731 	729 	641
f 694 	730 	734
f 693 	642 	727
f 909 	918 	732
f 61 	68 	736
f 726 	732 	702
f 676 	223 	708
f 728 	169 	725
f 734 	730 	472
f 1335 	1358 	686
f 61 	736 	733
f 736 	658 	733
f 731 	697 	729
f 476 	379 	731
f 686 	729 	697
f 726 	702 	683
f 472 	730 	439
f 658 	736 	158
f 658 	1046 	733
f 918 	934 	732
f 734 	739 	1382
f 609 	741 	712
f 738 	732 	934
f 701 	675 	671
f 740 	677 	1381
f 738 	706 	732
f 68 	679 	663
f 473 	739 	734
f 972 	738 	967
f 701 	704 	675
f 663 	736 	68
f 741 	832 	744
f 646 	675 	704
f 732 	706 	702
f 632 	831 	744
f 677 	737 	1381
f 474 	745 	739
f 831 	632 	974
f 737 	677 	868
f 1515 	719 	721
f 737 	868 	841
f 972 	296 	738
f 746 	674 	667
f 696 	1492 	721
f 296 	972 	306
f 748 	746 	80
f 972 	440 	306
f 721 	1492 	1515
f 80 	83 	748
f 747 	745 	491
f 749 	750 	751
f 749 	751 	752
f 365 	401 	752
f 10 	1506 	711
f 756 	403 	752
f 752 	751 	756
f 755 	756 	751
f 474 	491 	745
f 83 	194 	748
f 711 	753 	10
f 750 	749 	758
f 757 	758 	749
f 756 	755 	760
f 194 	198 	748
f 692 	718 	720
f 762 	350 	1066
f 759 	1558 	768
f 754 	617 	765
f 753 	766 	7
f 692 	720 	767
f 821 	759 	768
f 724 	668 	764
f 728 	725 	765
f 766 	402 	7
f 463 	768 	1558
f 617 	728 	765
f 753 	7 	10
f 768 	463 	723
f 352 	762 	1046
f 723 	1383 	768
f 658 	352 	1046
f 1272 	740 	769
f 762 	188 	350
f 352 	188 	762
f 769 	929 	1272
f 769 	1278 	929
f 772 	158 	19
f 763 	451 	770
f 771 	1452 	317
f 772 	11 	158
f 162 	771 	317
f 162 	775 	771
f 743 	1507 	773
f 422 	770 	451
f 1075 	1064 	774
f 820 	777 	696
f 780 	783 	778
f 777 	1497 	696
f 735 	772 	19
f 1452 	771 	782
f 370 	774 	1064
f 783 	791 	779
f 779 	778 	783
f 775 	712 	771
f 735 	633 	772
f 769 	1063 	1278
f 781 	1167 	777
f 848 	847 	370
f 712 	782 	771
f 777 	1167 	1497
f 791 	799 	785
f 785 	779 	791
f 3 	767 	720
f 639 	787 	852
f 741 	826 	782
f 789 	1376 	795
f 757 	998 	758
f 803 	786 	799
f 786 	785 	799
f 3 	42 	800
f 749 	401 	757
f 802 	788 	801
f 784 	801 	788
f 871 	803 	804
f 890 	789 	896
f 767 	3 	800
f 853 	765 	725
f 795 	896 	789
f 42 	52 	800
f 805 	801 	792
f 792 	801 	784
f 760 	400 	756
f 792 	1016 	805
f 811 	751 	810
f 750 	810 	751
f 809 	717 	152
f 810 	835 	811
f 802 	808 	788
f 755 	751 	815
f 751 	811 	815
f 812 	838 	811
f 816 	807 	798
f 794 	788 	808
f 743 	609 	717
f 773 	609 	743
f 743 	717 	809
f 725 	816 	798
f 799 	818 	803
f 804 	803 	818
f 804 	818 	819
f 814 	437 	409
f 169 	816 	725
f 801 	387 	802
f 388 	802 	387
f 801 	805 	387
f 390 	387 	805
f 813 	711 	1506
f 572 	807 	816
f 388 	391 	802
f 361 	814 	1045
f 383 	390 	805
f 807 	572 	191
f 821 	617 	759
f 668 	727 	820
f 821 	728 	617
f 633 	361 	1045
f 822 	823 	824
f 822 	824 	825
f 642 	820 	727
f 804 	938 	871
f 361 	437 	814
f 942 	938 	819
f 822 	825 	828
f 827 	828 	825
f 820 	642 	777
f 505 	828 	827
f 373 	361 	633
f 826 	831 	1489
f 829 	999 	830
f 642 	781 	777
f 834 	810 	758
f 744 	826 	741
f 647 	781 	642
f 741 	609 	832
f 750 	758 	810
f 744 	831 	826
f 1281 	781 	647
f 755 	815 	715
f 760 	755 	715
f 812 	811 	835
f 773 	832 	609
f 1053 	836 	654
f 835 	842 	812
f 703 	653 	806
f 815 	811 	838
f 843 	845 	812
f 839 	835 	834
f 653 	656 	813
f 836 	395 	654
f 810 	834 	835
f 656 	711 	813
f 832 	776 	744
f 836 	509 	395
f 815 	838 	715
f 813 	806 	653
f 778 	779 	837
f 776 	632 	744
f 841 	656 	713
f 832 	773 	1572
f 843 	812 	842
f 1572 	776 	832
f 842 	855 	843
f 1423 	290 	159
f 862 	632 	776
f 838 	812 	845
f 843 	844 	857
f 656 	841 	711
f 754 	765 	840
f 685 	787 	639
f 839 	851 	842
f 835 	839 	842
f 852 	754 	639
f 617 	754 	852
f 837 	779 	854
f 845 	722 	838
f 844 	843 	855
f 779 	785 	854
f 863 	844 	855
f 787 	796 	852
f 845 	843 	857
f 1267 	858 	714
f 840 	853 	1499
f 785 	786 	854
f 851 	859 	855
f 796 	759 	852
f 842 	851 	855
f 876 	877 	856
f 1267 	668 	858
f 840 	765 	853
f 759 	617 	852
f 876 	856 	879
f 861 	879 	856
f 845 	857 	722
f 820 	858 	668
f 820 	696 	858
f 864 	844 	863
f 696 	721 	858
f 857 	844 	867
f 864 	867 	844
f 863 	869 	864
f 870 	864 	869
f 866 	691 	678
f 853 	725 	798
f 848 	849 	822
f 823 	822 	849
f 822 	828 	848
f 847 	848 	828
f 505 	847 	828
f 870 	872 	864
f 867 	864 	872
f 871 	854 	803
f 786 	803 	854
f 873 	874 	824
f 825 	824 	874
f 418 	419 	876
f 974 	632 	678
f 421 	418 	876
f 370 	1064 	848
f 863 	875 	869
f 878 	869 	875
f 860 	856 	877
f 867 	872 	726
f 421 	876 	879
f 877 	419 	881
f 900 	901 	869
f 409 	421 	879
f 409 	879 	850
f 678 	691 	976
f 870 	901 	872
f 423 	556 	881
f 872 	909 	726
f 881 	865 	877
f 860 	877 	865
f 850 	879 	861
f 827 	825 	883
f 874 	883 	825
f 841 	753 	711
f 408 	370 	847
f 841 	868 	753
f 827 	506 	505
f 836 	884 	509
f 896 	795 	830
f 1380 	1402 	795
f 1272 	677 	740
f 830 	999 	896
f 527 	516 	886
f 888 	898 	885
f 790 	789 	891
f 890 	891 	789
f 890 	920 	891
f 761 	868 	677
f 888 	885 	908
f 893 	908 	885
f 859 	863 	855
f 790 	891 	793
f 894 	793 	891
f 921 	926 	891
f 868 	766 	753
f 889 	912 	887
f 868 	761 	766
f 863 	859 	875
f 867 	726 	857
f 722 	857 	726
f 886 	885 	898
f 793 	894 	797
f 870 	869 	901
f 900 	907 	901
f 902 	913 	903
f 921 	920 	905
f 909 	872 	901
f 918 	909 	907
f 886 	898 	897
f 915 	869 	878
f 911 	897 	898
f 1603 	787 	895
f 990 	899 	910
f 912 	913 	902
f 902 	887 	912
f 900 	869 	915
f 862 	678 	632
f 862 	866 	678
f 884 	908 	893
f 884 	893 	509
f 900 	917 	907
f 925 	907 	917
f 901 	907 	909
f 925 	918 	907
f 1267 	714 	899
f 915 	919 	900
f 899 	714 	910
f 902 	903 	833
f 906 	905 	920
f 919 	917 	900
f 778 	837 	903
f 910 	719 	450
f 921 	891 	920
f 904 	971 	707
f 922 	923 	924
f 922 	924 	925
f 910 	714 	719
f 787 	685 	895
f 894 	891 	926
f 921 	905 	926
f 914 	926 	905
f 1512 	450 	719
f 906 	920 	916
f 917 	922 	925
f 930 	916 	920
f 707 	685 	1022
f 952 	962 	923
f 931 	882 	1009
f 888 	927 	928
f 888 	928 	898
f 883 	513 	827
f 506 	827 	513
f 778 	903 	780
f 913 	780 	903
f 925 	924 	934
f 918 	925 	934
f 932 	934 	924
f 930 	1007 	916
f 931 	1009 	691
f 923 	922 	937
f 935 	937 	922
f 930 	920 	896
f 1031 	780 	913
f 888 	908 	936
f 1128 	927 	936
f 888 	936 	927
f 1192 	824 	823
f 738 	934 	932
f 1667 	931 	691
f 890 	896 	920
f 685 	988 	1022
f 924 	962 	932
f 967 	932 	962
f 884 	1128 	936
f 880 	871 	938
f 926 	1054 	894
f 824 	1192 	873
f 937 	968 	923
f 738 	932 	967
f 882 	931 	941
f 804 	819 	938
f 943 	939 	942
f 939 	938 	942
f 935 	1039 	937
f 941 	947 	882
f 944 	982 	945
f 940 	911 	928
f 898 	928 	911
f 948 	945 	985
f 954 	985 	945
f 919 	935 	917
f 922 	917 	935
f 884 	936 	908
f 939 	943 	961
f 951 	59 	56
f 954 	945 	982
f 941 	955 	947
f 947 	951 	56
f 761 	933 	467
f 611 	933 	929
f 955 	951 	947
f 950 	1173 	956
f 413 	467 	933
f 933 	611 	413
f 952 	953 	960
f 952 	960 	962
f 761 	467 	766
f 958 	957 	951
f 467 	402 	766
f 961 	943 	965
f 970 	964 	965
f 961 	965 	964
f 535 	1130 	963
f 924 	923 	962
f 962 	960 	967
f 966 	967 	960
f 955 	958 	951
f 1428 	1415 	973
f 953 	952 	969
f 968 	969 	952
f 973 	964 	970
f 970 	975 	973
f 967 	966 	972
f 904 	957 	971
f 551 	563 	959
f 958 	971 	957
f 971 	958 	1688
f 1688 	892 	971
f 970 	1074 	975
f 968 	1050 	969
f 1143 	1219 	973
f 707 	971 	892
f 952 	923 	968
f 977 	551 	950
f 978 	979 	980
f 978 	980 	981
f 678 	976 	974
f 956 	977 	950
f 981 	1084 	978
f 980 	979 	589
f 983 	984 	978
f 978 	984 	979
f 1084 	983 	978
f 960 	953 	430
f 429 	430 	953
f 981 	980 	987
f 986 	987 	980
f 960 	430 	966
f 436 	966 	430
f 989 	982 	949
f 990 	984 	983
f 944 	949 	982
f 959 	563 	559
f 992 	1158 	991
f 429 	953 	438
f 969 	438 	953
f 440 	972 	436
f 966 	436 	972
f 833 	1398 	902
f 982 	1388 	954
f 833 	903 	837
f 991 	560 	995
f 1389 	1392 	954
f 988 	639 	994
f 938 	939 	880
f 590 	589 	979
f 996 	997 	998
f 1394 	1388 	989
f 602 	986 	589
f 980 	589 	986
f 571 	567 	998
f 996 	998 	567
f 639 	988 	685
f 895 	685 	707
f 567 	579 	996
f 808 	946 	794
f 610 	1000 	993
f 1003 	997 	1001
f 963 	946 	808
f 895 	707 	892
f 996 	1001 	997
f 1000 	1187 	993
f 754 	840 	994
f 1005 	610 	614
f 1003 	1001 	1006
f 1007 	1217 	1002
f 994 	639 	754
f 991 	874 	992
f 995 	883 	991
f 883 	874 	991
f 873 	992 	874
f 1005 	1010 	1000
f 1005 	1000 	610
f 691 	1009 	976
f 1008 	611 	929
f 995 	513 	883
f 1014 	1006 	1013
f 1013 	1006 	1001
f 1010 	1012 	1000
f 1013 	1015 	1014
f 1018 	1021 	1011
f 1018 	1011 	1017
f 1415 	880 	961
f 939 	961 	880
f 1024 	1025 	1019
f 179 	1181 	565
f 1019 	1015 	1024
f 1013 	1024 	1015
f 620 	625 	615
f 615 	626 	1018
f 1179 	1011 	1021
f 956 	865 	977
f 977 	865 	881
f 614 	536 	1005
f 897 	911 	1010
f 1005 	897 	1010
f 904 	707 	1022
f 1027 	1020 	846
f 1028 	1017 	1023
f 1017 	1177 	1023
f 1435 	846 	1224
f 1179 	1021 	1008
f 1024 	1030 	1032
f 1024 	1032 	1025
f 615 	1018 	622
f 1010 	911 	1012
f 911 	940 	1012
f 1132 	1201 	940
f 1645 	1493 	974
f 1030 	1034 	1032
f 976 	1645 	974
f 913 	912 	1031
f 1026 	1031 	912
f 1435 	1224 	1181
f 1008 	626 	611
f 1017 	622 	1018
f 1021 	1018 	626
f 1026 	912 	889
f 630 	622 	1028
f 195 	1035 	850
f 26 	882 	28
f 1039 	1037 	1038
f 1017 	1028 	622
f 1033 	814 	1035
f 882 	947 	28
f 999 	1007 	896
f 930 	896 	1007
f 1021 	626 	1008
f 1037 	1039 	1030
f 1041 	1042 	1043
f 1036 	783 	780
f 1036 	780 	1031
f 850 	1101 	195
f 11 	772 	1045
f 1039 	1034 	1030
f 1002 	916 	1007
f 1022 	36 	904
f 633 	1045 	772
f 643 	1042 	1041
f 643 	1041 	644
f 1020 	1027 	949
f 1050 	1038 	1037
f 1045 	1033 	11
f 989 	949 	1027
f 1046 	161 	733
f 1045 	814 	1033
f 1048 	1049 	1050
f 814 	409 	1035
f 1035 	409 	850
f 1037 	1048 	1050
f 165 	762 	1066
f 800 	1053 	767
f 1066 	350 	1016
f 1047 	1052 	1522
f 797 	894 	1054
f 1049 	1048 	593
f 592 	593 	1048
f 767 	1053 	654
f 1056 	797 	1054
f 350 	383 	1016
f 800 	1057 	1053
f 1048 	600 	592
f 957 	59 	951
f 997 	1003 	758
f 998 	997 	758
f 571 	998 	757
f 571 	757 	414
f 834 	758 	1003
f 77 	59 	957
f 52 	1057 	800
f 1003 	1006 	834
f 1057 	1059 	1053
f 1056 	1486 	724
f 1058 	674 	746
f 904 	77 	957
f 839 	834 	1006
f 746 	748 	1058
f 1058 	774 	674
f 662 	1051 	655
f 1056 	724 	764
f 859 	851 	1015
f 1014 	1015 	851
f 851 	839 	1014
f 1006 	1014 	839
f 748 	198 	1058
f 662 	1060 	1051
f 1059 	836 	1053
f 774 	1058 	1075
f 1025 	875 	1019
f 875 	859 	1019
f 1015 	1019 	859
f 1059 	884 	836
f 1055 	1061 	1530
f 878 	875 	1025
f 915 	878 	1025
f 1029 	1530 	1061
f 1043 	987 	1041
f 987 	986 	1041
f 602 	644 	986
f 52 	207 	1057
f 207 	220 	1057
f 1025 	1032 	915
f 919 	915 	1032
f 1032 	1034 	919
f 1041 	986 	644
f 1036 	791 	783
f 1057 	220 	1059
f 799 	791 	1044
f 1036 	1044 	791
f 1039 	935 	1034
f 1038 	937 	1039
f 919 	1034 	935
f 968 	937 	1038
f 849 	848 	1064
f 630 	1028 	662
f 1060 	662 	1028
f 1023 	1060 	1028
f 1050 	968 	1038
f 1050 	1049 	969
f 769 	740 	1491
f 818 	1044 	819
f 1065 	819 	1044
f 769 	1491 	1063
f 593 	438 	1049
f 969 	1049 	438
f 1061 	1107 	1029
f 650 	165 	1066
f 643 	1067 	1042
f 942 	819 	1065
f 1001 	996 	1579
f 817 	1062 	1494
f 1044 	818 	799
f 1066 	511 	650
f 1067 	1226 	1042
f 579 	1579 	996
f 1067 	160 	1226
f 1276 	1063 	1062
f 1046 	165 	161
f 1579 	1583 	1001
f 1063 	1276 	1278
f 164 	160 	1067
f 942 	1065 	943
f 1068 	943 	1065
f 1073 	1040 	1070
f 905 	906 	1198
f 1196 	1198 	906
f 965 	943 	1068
f 1072 	1070 	1069
f 905 	1198 	914
f 1046 	762 	165
f 201 	1532 	1071
f 1070 	1004 	1069
f 1196 	906 	1204
f 916 	1204 	906
f 926 	914 	1054
f 1610 	1037 	1030
f 1070 	1072 	1073
f 1074 	970 	1068
f 965 	1068 	970
f 557 	1071 	1532
f 557 	655 	1071
f 244 	243 	1082
f 1058 	198 	1075
f 1080 	1081 	1079
f 1078 	1079 	1081
f 1047 	1040 	1077
f 1077 	1073 	1220
f 587 	1048 	1037
f 1084 	1085 	1081
f 1078 	1081 	1085
f 198 	584 	1075
f 1077 	1040 	1073
f 981 	1085 	1084
f 584 	378 	1075
f 1048 	587 	600
f 244 	1082 	248
f 1089 	1104 	1083
f 377 	376 	1075
f 1091 	1092 	1081
f 1084 	1081 	1092
f 983 	1084 	1092
f 1090 	1091 	1081
f 1080 	1090 	1081
f 1088 	248 	1082
f 1016 	349 	511
f 1094 	1095 	1079
f 1094 	1079 	1078
f 1087 	1047 	1077
f 1106 	1055 	1052
f 1091 	1090 	1096
f 1098 	1082 	1097
f 1076 	1097 	1082
f 860 	1098 	856
f 861 	856 	1101
f 856 	1097 	1101
f 1086 	1101 	1097
f 1086 	1097 	1076
f 1087 	1052 	1047
f 1082 	1108 	1088
f 1102 	1083 	1104
f 1100 	1099 	1105
f 1103 	1105 	1099
f 1082 	1098 	1108
f 1093 	1104 	1089
f 351 	235 	794
f 1094 	1110 	1189
f 1078 	1085 	1094
f 1110 	1094 	1085
f 1107 	1061 	1113
f 1087 	1106 	1052
f 1103 	1109 	1105
f 792 	349 	1016
f 1086 	195 	1101
f 1096 	1092 	1091
f 1104 	1124 	1102
f 383 	805 	1016
f 1093 	1124 	1104
f 1097 	856 	1098
f 1085 	981 	1110
f 987 	1110 	981
f 1055 	1106 	1111
f 1108 	1098 	865
f 983 	1092 	990
f 1096 	990 	1092
f 1225 	1105 	1109
f 860 	865 	1098
f 823 	1191 	1192
f 850 	861 	1101
f 1111 	1113 	1061
f 1119 	1120 	1123
f 1122 	1123 	1120
f 1103 	1099 	1121
f 1099 	1115 	1121
f 1103 	1121 	1109
f 1118 	1117 	1127
f 1124 	1127 	1117
f 1117 	1102 	1124
f 1125 	1137 	1122
f 1111 	1061 	1055
f 927 	1120 	1119
f 927 	1128 	1120
f 1064 	1199 	849
f 1116 	1080 	1114
f 1079 	1114 	1080
f 1120 	1128 	1129
f 1125 	1122 	1138
f 1129 	1138 	1122
f 1122 	1120 	1129
f 1090 	1080 	1131
f 1080 	1116 	1131
f 1093 	1234 	1124
f 1123 	1132 	1119
f 648 	1115 	1099
f 817 	1494 	948
f 948 	985 	817
f 1135 	1132 	1123
f 50 	43 	1165
f 1134 	1118 	1136
f 1127 	1136 	1118
f 884 	1059 	1128
f 1129 	1128 	1059
f 1133 	1114 	1095
f 1123 	1122 	1137
f 1246 	1121 	1115
f 1246 	1115 	1244
f 1079 	1095 	1114
f 50 	1165 	1166
f 1121 	1246 	1109
f 1131 	1258 	1090
f 1123 	1137 	1135
f 829 	1217 	999
f 1134 	1136 	887
f 889 	887 	1136
f 1139 	1135 	1137
f 1096 	899 	990
f 889 	1136 	1026
f 220 	1138 	1129
f 220 	1129 	1059
f 928 	927 	1119
f 946 	963 	1130
f 928 	1119 	940
f 1132 	940 	1119
f 535 	531 	1130
f 1204 	916 	1002
f 1113 	1126 	1107
f 1145 	1144 	1152
f 1152 	1157 	1145
f 1144 	1143 	1152
f 1150 	1152 	1143
f 263 	264 	1125
f 1137 	1125 	264
f 949 	1581 	1020
f 1125 	1138 	270
f 1125 	270 	263
f 1147 	1146 	1156
f 1154 	1156 	1146
f 1007 	999 	1217
f 1140 	1232 	1154
f 1137 	264 	1139
f 272 	1139 	264
f 1158 	1223 	1461
f 1004 	1151 	1069
f 1143 	973 	1150
f 975 	1150 	973
f 1461 	560 	1158
f 1126 	1112 	1107
f 1162 	1161 	1149
f 1141 	1149 	1161
f 1194 	1154 	1190
f 1074 	1150 	975
f 1004 	2 	1151
f 560 	991 	1158
f 280 	288 	1163
f 1126 	1159 	1112
f 1162 	1177 	1161
f 1011 	1179 	1161
f 1362 	280 	1163
f 43 	1029 	1165
f 1141 	1161 	1153
f 1168 	1153 	1161
f 1112 	1166 	1165
f 1449 	1219 	1169
f 1145 	1169 	1219
f 946 	431 	794
f 1149 	1155 	1171
f 1171 	1162 	1149
f 1166 	1400 	116
f 1167 	1073 	1072
f 1153 	1168 	1148
f 1176 	1170 	1175
f 1170 	1169 	1175
f 1145 	1157 	1169
f 1175 	1169 	1157
f 1011 	1161 	1177
f 1167 	1220 	1073
f 1175 	1255 	1176
f 1177 	1017 	1011
f 235 	234 	784
f 1168 	1161 	1179
f 349 	784 	234
f 950 	288 	1173
f 1177 	1171 	1023
f 235 	784 	788
f 1162 	1171 	1177
f 1206 	1170 	1176
f 349 	792 	784
f 1148 	1168 	1179
f 1183 	1178 	1182
f 1194 	1190 	1183
f 1178 	1174 	1182
f 1678 	1687 	1174
f 788 	794 	235
f 565 	1181 	601
f 1023 	1171 	1215
f 1408 	1180 	61
f 1170 	1449 	1169
f 1148 	1179 	1008
f 377 	1075 	378
f 551 	959 	1163
f 1184 	1185 	1186
f 950 	551 	1163
f 1064 	1075 	376
f 1140 	1183 	1236
f 1183 	1182 	1236
f 1189 	1184 	1186
f 1178 	1183 	1190
f 1184 	1189 	1042
f 1043 	1042 	1189
f 375 	374 	1191
f 1199 	376 	1191
f 68 	61 	1180
f 1146 	1190 	1154
f 1194 	1140 	1154
f 1191 	823 	1199
f 375 	1191 	376
f 849 	1199 	823
f 1042 	1226 	1184
f 1192 	374 	1200
f 1188 	1206 	1195
f 1210 	1195 	1206
f 116 	1400 	1197
f 1205 	1187 	1201
f 1222 	1087 	1077
f 1194 	1183 	1140
f 914 	1198 	1202
f 1198 	1534 	1202
f 1064 	376 	1199
f 1000 	1201 	1187
f 1204 	1540 	1196
f 35 	648 	1708
f 1205 	1207 	321
f 1205 	321 	1187
f 873 	1192 	1200
f 1012 	1201 	1000
f 1207 	334 	321
f 1708 	648 	1100
f 1099 	1100 	648
f 1176 	1210 	1206
f 1108 	1160 	1088
f 1164 	1210 	1176
f 1113 	1111 	1235
f 1235 	1238 	1113
f 945 	1577 	944
f 648 	652 	1115
f 1160 	1108 	1173
f 1108 	865 	1173
f 1578 	1577 	948
f 1164 	1195 	1210
f 1215 	1213 	1203
f 1576 	1581 	944
f 949 	944 	1581
f 1173 	865 	956
f 652 	1244 	1115
f 1060 	1215 	1051
f 1209 	616 	1130
f 1494 	1578 	948
f 657 	1146 	1147
f 1132 	1135 	1205
f 1012 	940 	1201
f 1139 	1207 	1135
f 1083 	1102 	1661
f 1205 	1135 	1207
f 1201 	1132 	1205
f 1130 	431 	946
f 588 	1190 	657
f 1241 	1211 	1159
f 1213 	1208 	1203
f 1214 	1441 	1117
f 1207 	1139 	334
f 272 	334 	1139
f 1117 	1118 	1214
f 1241 	1159 	1126
f 1678 	1174 	24
f 660 	24 	1174
f 1203 	1051 	1215
f 1134 	1214 	1118
f 1186 	1094 	1189
f 1185 	1193 	1095
f 1095 	1094 	1185
f 1186 	1185 	1094
f 987 	1043 	1110
f 1133 	1095 	1193
f 1209 	1436 	407
f 293 	1218 	1216
f 829 	1172 	1217
f 1189 	1110 	1043
f 1398 	1214 	887
f 1134 	887 	1214
f 1130 	531 	1209
f 1178 	660 	1174
f 301 	1218 	293
f 1219 	1143 	1144
f 531 	1436 	1209
f 1144 	1145 	1219
f 549 	1217 	1172
f 588 	660 	1190
f 1178 	1190 	660
f 293 	1216 	277
f 549 	581 	1217
f 1428 	973 	1219
f 1155 	1208 	1171
f 1146 	657 	1190
f 301 	1221 	1218
f 1213 	1215 	1171
f 1208 	1213 	1171
f 1222 	1077 	1220
f 1060 	1023 	1215
f 301 	323 	1221
f 463 	1561 	1223
f 661 	1197 	1437
f 1216 	1240 	1227
f 1228 	1087 	1222
f 475 	476 	1223
f 1228 	1106 	1087
f 601 	1181 	1224
f 1225 	1109 	1230
f 1158 	486 	1223
f 1227 	277 	1216
f 1109 	1246 	1230
f 463 	1223 	641
f 511 	1316 	650
f 1231 	1106 	1228
f 1449 	1170 	1206
f 475 	1223 	486
f 1541 	651 	161
f 1234 	1093 	1524
f 161 	165 	1229
f 550 	600 	1236
f 1127 	1124 	1234
f 1233 	1221 	323
f 1231 	1235 	1111
f 1229 	165 	650
f 1635 	1224 	846
f 1237 	486 	1158
f 1234 	1275 	1026
f 846 	1020 	1635
f 1231 	1111 	1106
f 1237 	1158 	992
f 591 	586 	1233
f 323 	591 	1233
f 1156 	1154 	1232
f 1136 	1127 	1026
f 1234 	1026 	1127
f 1156 	1232 	1269
f 661 	1437 	1567
f 351 	794 	431
f 1540 	1204 	1212
f 1002 	1212 	1204
f 1567 	1239 	661
f 1686 	550 	1687
f 1031 	1026 	1275
f 1637 	1020 	1581
f 1237 	1200 	486
f 1200 	1237 	873
f 992 	873 	1237
f 393 	486 	1200
f 1182 	1687 	1236
f 1238 	1126 	1113
f 1238 	1241 	1126
f 1244 	1245 	1250
f 160 	290 	1226
f 1246 	1244 	1250
f 1251 	1253 	1245
f 1071 	313 	201
f 670 	1309 	669
f 1167 	781 	1220
f 1249 	313 	1071
f 1316 	673 	669
f 1247 	698 	1242
f 781 	1281 	1220
f 1240 	1216 	1248
f 1220 	1281 	1222
f 1250 	1245 	1253
f 670 	676 	1309
f 1216 	1218 	1248
f 1249 	1051 	1439
f 655 	1051 	1249
f 1218 	1252 	1248
f 1253 	1409 	1250
f 655 	1249 	1071
f 681 	682 	1330
f 1299 	1253 	1298
f 682 	684 	1333
f 1074 	1315 	1150
f 1252 	1221 	1254
f 1228 	1222 	1282
f 1152 	1315 	1157
f 1131 	1292 	1258
f 694 	1298 	1279
f 1254 	1221 	1233
f 1221 	1252 	1218
f 1096 	1090 	1258
f 1258 	899 	1096
f 1164 	1176 	1255
f 797 	1056 	1256
f 1255 	1175 	1157
f 1254 	1233 	1260
f 308 	1259 	1397
f 1256 	764 	1258
f 1335 	686 	1330
f 1256 	1056 	764
f 308 	1336 	1259
f 1266 	1261 	1265
f 1262 	1263 	1265
f 1269 	1265 	1263
f 1258 	764 	1267
f 653 	1257 	1264
f 764 	668 	1267
f 1319 	1211 	1241
f 1258 	1267 	899
f 1260 	1233 	586
f 1261 	1262 	1265
f 1222 	1281 	1282
f 1261 	1266 	1270
f 1264 	713 	656
f 1346 	1271 	1268
f 959 	559 	1340
f 761 	677 	1272
f 1273 	1270 	1266
f 1264 	656 	653
f 1062 	817 	1276
f 1274 	1240 	1346
f 1263 	1147 	1269
f 1156 	1269 	1147
f 1031 	1275 	1277
f 1279 	1244 	652
f 1308 	1319 	1241
f 1279 	1245 	1244
f 652 	687 	1279
f 1241 	1238 	1308
f 1279 	1251 	1245
f 687 	694 	1279
f 1272 	933 	761
f 1272 	929 	933
f 1277 	1364 	1036
f 1658 	1354 	700
f 1261 	1280 	1262
f 1276 	817 	1323
f 1227 	1240 	1274
f 1277 	1036 	1031
f 1354 	708 	616
f 559 	1227 	1274
f 1280 	1263 	1262
f 1261 	1270 	1280
f 1280 	1270 	716
f 1240 	1248 	1304
f 1278 	1148 	1008
f 1305 	1248 	1252
f 1278 	1008 	929
f 1289 	1288 	1287
f 1285 	1287 	1288
f 1282 	1334 	1286
f 700 	407 	1369
f 1228 	1282 	1286
f 821 	768 	1383
f 1280 	657 	1147
f 1285 	1288 	1292
f 1116 	1285 	1131
f 1291 	1292 	1288
f 1293 	1295 	1287
f 1147 	1263 	1280
f 1231 	1228 	1286
f 1289 	1287 	1295
f 723 	729 	1358
f 1251 	1279 	1298
f 1260 	586 	1294
f 1251 	1298 	1253
f 1321 	676 	1354
f 1286 	1297 	1231
f 993 	1357 	1294
f 1301 	1307 	1298
f 1357 	993 	1187
f 729 	686 	1358
f 1297 	1235 	1231
f 1114 	1287 	1285
f 1114 	1285 	1116
f 1297 	1302 	1235
f 1292 	1131 	1285
f 1294 	586 	993
f 1259 	1332 	1290
f 1133 	1293 	1114
f 1287 	1114 	1293
f 531 	280 	1436
f 1307 	1301 	1306
f 1299 	1298 	1307
f 1301 	1300 	1306
f 1304 	1305 	1405
f 1133 	1193 	1293
f 280 	1303 	1436
f 1306 	1426 	1307
f 1351 	1308 	1302
f 669 	1309 	1311
f 1304 	1248 	1305
f 1302 	1238 	1235
f 1328 	1306 	1300
f 1238 	1302 	1308
f 669 	1311 	1316
f 1599 	1316 	1311
f 1317 	1318 	1313
f 1317 	1313 	1314
f 1312 	1442 	1243
f 1284 	1074 	1068
f 1284 	1315 	1074
f 1313 	1318 	1322
f 1323 	1313 	1322
f 1141 	1322 	1318
f 1599 	650 	1316
f 1152 	1150 	1315
f 1320 	1410 	1305
f 1305 	1252 	1320
f 676 	1321 	1309
f 1324 	1327 	1317
f 1324 	1317 	1314
f 1362 	1243 	1303
f 1300 	1325 	1328
f 280 	1362 	1303
f 1322 	1276 	1323
f 1275 	1234 	238
f 1318 	1317 	1141
f 1326 	1320 	1254
f 1254 	1260 	1326
f 1319 	703 	806
f 1276 	1148 	1278
f 1319 	806 	1211
f 1252 	1254 	1320
f 682 	1329 	1330
f 1149 	1141 	1317
f 1322 	1141 	1153
f 1281 	647 	698
f 1633 	1634 	1329
f 1331 	1429 	1326
f 1149 	1317 	1155
f 682 	1333 	1329
f 1296 	1334 	1247
f 1326 	1260 	1331
f 1327 	1155 	1317
f 1247 	1334 	698
f 1259 	1336 	1332
f 1281 	698 	1282
f 1148 	1276 	1153
f 1322 	1153 	1276
f 1310 	880 	1257
f 1260 	1294 	1331
f 1334 	1282 	698
f 1334 	1296 	1341
f 1310 	1257 	703
f 1330 	1634 	1335
f 560 	1461 	1336
f 1341 	1286 	1334
f 1338 	1337 	1345
f 1344 	1345 	1337
f 1277 	1275 	1384
f 1341 	1343 	1297
f 1366 	1340 	1274
f 1302 	1297 	1343
f 1274 	1346 	1366
f 1341 	1297 	1286
f 559 	1274 	1340
f 1403 	1255 	1315
f 616 	700 	1354
f 1352 	727 	724
f 1302 	1343 	1351
f 1255 	1157 	1315
f 1349 	1435 	1208
f 1164 	1255 	249
f 1051 	1203 	1439
f 1441 	1356 	1348
f 1353 	1331 	1294
f 1348 	1356 	1352
f 1293 	1339 	1295
f 1342 	1295 	1339
f 1351 	1355 	1308
f 1357 	1393 	1353
f 1193 	1339 	1293
f 1352 	1356 	693
f 1357 	1353 	1294
f 1327 	1324 	1349
f 1347 	1349 	1324
f 1327 	1349 	1155
f 1357 	1397 	1393
f 1356 	1242 	693
f 1208 	1155 	1349
f 1187 	1397 	1357
f 703 	1319 	1355
f 1184 	1423 	1185
f 1354 	1658 	1321
f 708 	1354 	676
f 1337 	1359 	1344
f 1371 	1363 	1361
f 1361 	1363 	1359
f 1355 	1319 	1308
f 1226 	1423 	1184
f 1226 	290 	1423
f 1366 	1268 	1312
f 1649 	1665 	1335
f 1350 	1271 	1405
f 713 	1428 	1360
f 1243 	1366 	1312
f 1364 	1044 	1036
f 1405 	1365 	1350
f 1340 	1366 	1243
f 1364 	1367 	1044
f 1368 	1341 	1296
f 1363 	1344 	1359
f 1270 	1371 	1361
f 1362 	1340 	1243
f 1368 	1343 	1341
f 1361 	705 	1270
f 1367 	1370 	1065
f 1362 	1163 	959
f 1372 	1343 	1368
f 1672 	1369 	742
f 1371 	1270 	1273
f 959 	1340 	1362
f 789 	790 	1376
f 1375 	1376 	790
f 1068 	1065 	1370
f 854 	1374 	1372
f 1672 	742 	809
f 1268 	1366 	1346
f 1367 	1065 	1044
f 1375 	790 	1378
f 793 	1378 	790
f 407 	742 	1369
f 1372 	1374 	1351
f 1380 	795 	1376
f 797 	1378 	793
f 1288 	1289 	1375
f 1376 	1375 	1289
f 1374 	1355 	1351
f 1382 	1300 	1301
f 1288 	1375 	1291
f 1383 	1681 	821
f 1372 	1351 	1343
f 1382 	1640 	1300
f 1370 	1284 	1068
f 1256 	1292 	1291
f 737 	1360 	1381
f 1379 	1373 	1283
f 1382 	1301 	694
f 694 	1301 	1298
f 1378 	1291 	1375
f 1374 	1310 	1355
f 1283 	1290 	1379
f 703 	1355 	1310
f 1275 	238 	1384
f 1376 	1289 	1380
f 1295 	1380 	1289
f 737 	713 	1360
f 1385 	1384 	282
f 797 	1256 	1378
f 1291 	1378 	1256
f 1256 	1258 	1292
f 1277 	1384 	1385
f 1390 	1337 	1338
f 1389 	954 	1388
f 1277 	1385 	1364
f 1406 	1290 	1332
f 1411 	1364 	1385
f 1377 	740 	1381
f 985 	954 	1392
f 1385 	666 	1411
f 1151 	1142 	1450
f 1392 	817 	985
f 1391 	1450 	1386
f 982 	989 	1388
f 1391 	1069 	1450
f 1290 	1393 	1259
f 1396 	1242 	1356
f 1313 	1389 	1314
f 1388 	1314 	1389
f 1413 	1370 	1367
f 1029 	1107 	1165
f 1323 	1392 	1389
f 1313 	1323 	1389
f 1259 	1393 	1397
f 1107 	1112 	1165
f 1396 	1214 	1398
f 1324 	1314 	1394
f 1388 	1394 	1314
f 1312 	1268 	1470
f 1398 	1247 	1396
f 1323 	817 	1392
f 1397 	321 	308
f 1072 	1069 	1391
f 1347 	1324 	1394
f 1398 	1296 	1247
f 1390 	1359 	1337
f 702 	706 	1399
f 1396 	1247 	1242
f 1284 	1418 	1399
f 1400 	1166 	1466
f 1350 	1395 	1271
f 887 	902 	1398
f 1268 	1271 	1395
f 1402 	829 	830
f 1399 	1315 	1284
f 1399 	1403 	1315
f 321 	1397 	1187
f 1418 	1284 	1370
f 705 	1359 	1390
f 1296 	1398 	833
f 706 	296 	1403
f 1361 	1359 	705
f 833 	837 	1368
f 770 	705 	1390
f 1342 	1419 	1402
f 1399 	706 	1403
f 763 	770 	1390
f 1193 	1423 	1339
f 1296 	833 	1368
f 846 	1407 	1027
f 705 	716 	1270
f 837 	854 	1372
f 1250 	1230 	1246
f 1304 	1271 	1346
f 1290 	1406 	1379
f 249 	1403 	296
f 1304 	1405 	1271
f 846 	1347 	1407
f 1412 	1180 	1404
f 249 	1255 	1403
f 1240 	1304 	1346
f 1368 	837 	1372
f 1230 	1250 	1409
f 1349 	1347 	1435
f 1253 	1299 	1409
f 1406 	1332 	1490
f 1405 	1410 	1365
f 1203 	1208 	1435
f 854 	871 	1374
f 1413 	672 	683
f 1413 	1411 	672
f 1408 	1404 	1180
f 830 	795 	1402
f 1310 	1374 	871
f 1307 	1426 	1409
f 1342 	1380 	1295
f 1411 	1413 	1367
f 1342 	1402 	1380
f 1299 	1307 	1409
f 871 	880 	1310
f 1365 	1410 	1414
f 1027 	1407 	989
f 1394 	989 	1407
f 1411 	1367 	1364
f 1347 	1394 	1407
f 1418 	1413 	683
f 1305 	1410 	1405
f 1387 	1412 	1511
f 683 	702 	1418
f 1339 	1419 	1342
f 961 	964 	1415
f 1414 	1420 	1416
f 1418 	1370 	1413
f 1412 	89 	1180
f 1421 	1447 	1371
f 89 	1412 	1387
f 1257 	880 	1415
f 829 	1402 	1419
f 702 	1399 	1418
f 1265 	1483 	1266
f 1423 	1419 	1339
f 1420 	1414 	1410
f 1320 	1420 	1410
f 1232 	1483 	1269
f 1273 	1421 	1371
f 1273 	1266 	1421
f 1193 	1185 	1423
f 1400 	1422 	1197
f 1429 	1424 	1416
f 1172 	829 	1419
f 1429 	1416 	1420
f 964 	973 	1415
f 1423 	159 	1419
f 1320 	1326 	1420
f 1415 	1264 	1257
f 159 	1172 	1419
f 1326 	1429 	1420
f 1430 	1425 	1431
f 1427 	1431 	1425
f 1415 	1428 	1264
f 1431 	1427 	1518
f 1434 	1373 	1424
f 1429 	1434 	1424
f 1440 	1496 	1430
f 1653 	1373 	1379
f 1428 	713 	1264
f 1440 	1430 	1444
f 1328 	1426 	1306
f 1422 	1433 	1437
f 1614 	1432 	1328
f 1426 	1328 	1432
f 1331 	1434 	1429
f 1439 	1435 	1181
f 1619 	1432 	1614
f 1422 	1437 	1197
f 1619 	1438 	1432
f 1441 	1661 	1102
f 1446 	1445 	1444
f 1440 	1444 	1445
f 1431 	1444 	1430
f 179 	1439 	1181
f 1102 	1117 	1441
f 1565 	1437 	1433
f 1373 	1434 	1283
f 1083 	1661 	1445
f 1631 	1630 	1438
f 1396 	1356 	1441
f 179 	1249 	1439
f 1353 	1283 	1434
f 1089 	1083 	1446
f 1083 	1445 	1446
f 1396 	1441 	1214
f 1435 	1347 	846
f 1446 	1093 	1089
f 1393 	1283 	1353
f 1203 	1435 	1439
f 1331 	1353 	1434
f 1387 	1511 	1448
f 1444 	1524 	1446
f 1524 	1093 	1446
f 1393 	1290 	1283
f 1345 	1344 	1443
f 1447 	1443 	1344
f 1303 	1243 	1442
f 1386 	1450 	1448
f 1448 	1142 	1387
f 1452 	1513 	311
f 1504 	1417 	1401
f 1450 	1142 	1448
f 1360 	1219 	1449
f 1332 	1454 	1490
f 1336 	1454 	1332
f 1363 	1447 	1344
f 1456 	1453 	1460
f 1460 	1465 	1456
f 1453 	1451 	1460
f 1459 	1460 	1451
f 1468 	1459 	1451
f 1452 	1457 	1513
f 1561 	1454 	1461
f 1458 	1462 	1455
f 782 	1457 	1452
f 1360 	1428 	1219
f 1454 	1336 	1461
f 397 	1463 	55
f 1363 	1371 	1447
f 1455 	1462 	603
f 1484 	1456 	1465
f 1069 	1151 	1450
f 782 	826 	1457
f 1550 	603 	1462
f 1463 	1508 	55
f 1159 	1401 	1466
f 1225 	1230 	1464
f 1112 	1159 	1466
f 1206 	1666 	1377
f 1230 	1472 	1464
f 1188 	1195 	1471
f 1459 	1468 	1471
f 1188 	1471 	1468
f 1467 	1448 	1511
f 1529 	1459 	1471
f 1386 	1448 	1467
f 1206 	1377 	1449
f 1449 	1381 	1360
f 1458 	1473 	1475
f 1468 	1451 	1505
f 1377 	1381 	1449
f 798 	807 	1469
f 1268 	1395 	1470
f 1164 	1529 	1195
f 1458 	1475 	1462
f 1477 	914 	1202
f 1395 	1350 	1585
f 1477 	1054 	914
f 1585 	1350 	1621
f 1476 	1469 	807
f 1481 	1475 	1473
f 10 	1480 	1474
f 1480 	10 	7
f 1481 	1473 	1479
f 1054 	1477 	1520
f 1527 	1474 	1480
f 1487 	1482 	1484
f 1056 	1054 	1486
f 1236 	600 	1485
f 1486 	1054 	1520
f 1465 	1487 	1484
f 191 	1476 	807
f 191 	345 	1476
f 1485 	1523 	1232
f 1112 	1466 	1166
f 1352 	724 	1486
f 1480 	7 	70
f 1485 	1232 	1140
f 1486 	1348 	1352
f 203 	1480 	70
f 1457 	826 	1489
f 618 	1481 	1479
f 1232 	1523 	1483
f 618 	1479 	1488
f 1478 	1484 	1482
f 618 	82 	1481
f 1491 	740 	1377
f 1265 	1269 	1483
f 1489 	831 	1493
f 1495 	743 	809
f 40 	649 	1488
f 1670 	1062 	1526
f 1386 	1492 	1391
f 1488 	649 	618
f 1497 	1391 	1492
f 742 	1495 	809
f 1140 	1236 	1485
f 1683 	1425 	1430
f 1683 	1430 	1496
f 1509 	1458 	1455
f 1670 	1494 	1062
f 831 	974 	1493
f 1492 	696 	1497
f 2 	1004 	1455
f 1526 	1062 	1063
f 1466 	1401 	1501
f 1455 	603 	2
f 1464 	1500 	573
f 1509 	1516 	1458
f 1500 	579 	573
f 1472 	1500 	1464
f 1445 	1661 	1496
f 1401 	1417 	1501
f 1497 	1167 	1072
f 1445 	1496 	1440
f 1458 	1516 	1473
f 1497 	1072 	1391
f 840 	1499 	6
f 1466 	1501 	1400
f 1500 	1502 	579
f 1505 	1451 	1453
f 1504 	1211 	806
f 1522 	1525 	1479
f 806 	813 	1504
f 1159 	1211 	1401
f 1479 	1473 	1522
f 1502 	1500 	1535
f 1401 	1211 	1504
f 853 	1503 	1499
f 1505 	1453 	1456
f 1501 	1417 	1521
f 813 	1506 	1504
f 1498 	742 	407
f 1530 	40 	1488
f 742 	1498 	1495
f 1504 	1506 	1417
f 407 	1436 	1498
f 1502 	1535 	1546
f 1029 	43 	40
f 183 	55 	1508
f 1546 	1588 	1502
f 1509 	1070 	1040
f 1503 	798 	1469
f 1404 	185 	183
f 1495 	1507 	743
f 1503 	853 	798
f 1495 	1442 	1507
f 1508 	1404 	183
f 1067 	643 	1510
f 1509 	1004 	1070
f 1408 	185 	1404
f 1509 	1455 	1004
f 1511 	1508 	1463
f 1498 	1442 	1495
f 1512 	397 	450
f 1436 	1303 	1498
f 1463 	397 	1512
f 1463 	1467 	1511
f 547 	1513 	1510
f 1515 	1512 	719
f 1303 	1442 	1498
f 1505 	1456 	1484
f 1511 	1412 	1508
f 1040 	1516 	1509
f 1510 	164 	1067
f 1442 	1312 	1507
f 1515 	1467 	1512
f 1508 	1412 	1404
f 1040 	1047 	1516
f 1517 	164 	1510
f 1513 	1517 	1510
f 1512 	1467 	1463
f 1457 	1517 	1513
f 1417 	1474 	1521
f 1522 	1516 	1047
f 224 	1518 	111
f 95 	111 	1518
f 1492 	1386 	1515
f 1523 	587 	1610
f 1386 	1467 	1515
f 1518 	224 	1524
f 1473 	1516 	1522
f 224 	238 	1524
f 1052 	1055 	1525
f 1610 	1514 	1523
f 1348 	1486 	1520
f 1422 	1501 	1521
f 1506 	1474 	1417
f 1444 	1431 	1524
f 1518 	1524 	1431
f 1506 	10 	1474
f 1517 	1552 	164
f 1521 	1433 	1422
f 1483 	1523 	1514
f 1525 	1522 	1052
f 1377 	1666 	1491
f 1422 	1400 	1501
f 1489 	1552 	1517
f 587 	1485 	600
f 1666 	1526 	1491
f 238 	1234 	1524
f 1517 	1457 	1489
f 1479 	1525 	1488
f 1521 	1474 	1527
f 306 	257 	1529
f 20 	1574 	1494
f 1529 	1164 	249
f 1485 	587 	1523
f 1525 	1055 	1530
f 1433 	1521 	1527
f 1488 	1525 	1530
f 1480 	203 	1527
f 1526 	1063 	1491
f 1527 	203 	211
f 1460 	1459 	257
f 1472 	1230 	1409
f 1198 	1196 	1534
f 1533 	1534 	1196
f 1530 	1029 	40
f 1529 	257 	1459
f 1527 	211 	1433
f 1538 	1202 	1534
f 1500 	1472 	1535
f 1531 	1465 	257
f 1460 	257 	1465
f 1536 	1532 	202
f 1469 	1476 	1528
f 62 	1539 	103
f 1535 	1472 	1426
f 1471 	1195 	1529
f 1476 	1536 	1528
f 1540 	1533 	1196
f 136 	155 	1531
f 1482 	1531 	155
f 19 	103 	1539
f 1541 	251 	1537
f 1477 	1202 	1538
f 1531 	1487 	1465
f 735 	19 	1539
f 651 	1541 	1537
f 1531 	1482 	1487
f 1409 	1426 	1472
f 1674 	1675 	1543
f 62 	701 	1539
f 65 	64 	1545
f 1556 	1555 	1542
f 69 	701 	62
f 328 	1532 	1536
f 1545 	1544 	1548
f 1539 	671 	735
f 701 	671 	1539
f 1476 	345 	1536
f 1541 	161 	1229
f 1432 	1546 	1535
f 67 	1548 	1553
f 164 	1552 	228
f 1674 	1543 	105
f 1549 	105 	1543
f 1432 	1535 	1426
f 1544 	1582 	1548
f 1557 	1582 	1544
f 1557 	1544 	1551
f 1683 	1685 	1425
f 1543 	1542 	1555
f 1519 	1490 	1454
f 185 	1408 	1537
f 1462 	1564 	1550
f 1588 	1546 	1554
f 1546 	1432 	1438
f 1534 	1533 	1556
f 1555 	1556 	1533
f 796 	1519 	1558
f 1558 	759 	796
f 1546 	1438 	1554
f 1534 	1556 	1538
f 1559 	1538 	1556
f 1556 	1542 	1559
f 1547 	1559 	1542
f 1408 	651 	1537
f 69 	704 	701
f 1543 	1555 	1549
f 1454 	1561 	1519
f 1563 	1549 	1555
f 1561 	1558 	1519
f 57 	1582 	1557
f 1563 	1608 	1549
f 1554 	1443 	1560
f 1553 	1548 	1562
f 1462 	1475 	1564
f 1540 	1563 	1533
f 1560 	1443 	1447
f 1564 	709 	1550
f 1555 	1533 	1563
f 1562 	1584 	1553
f 1553 	1566 	1425
f 1427 	1425 	1566
f 211 	1565 	1433
f 1438 	1443 	1554
f 1558 	1561 	463
f 1565 	1567 	1437
f 1564 	718 	709
f 1427 	1566 	1518
f 1223 	1561 	1461
f 1550 	709 	704
f 1538 	1559 	1477
f 1475 	1481 	1569
f 1571 	1698 	1570
f 1548 	67 	1545
f 65 	1545 	67
f 1569 	1564 	1475
f 1573 	240 	228
f 8 	1698 	1574
f 34 	1551 	64
f 1544 	64 	1551
f 211 	291 	1565
f 1560 	1447 	1568
f 1568 	1483 	1514
f 1565 	15 	1567
f 1552 	1573 	228
f 14 	12 	1570
f 1569 	718 	1564
f 1421 	1568 	1447
f 1557 	1551 	48
f 15 	1565 	291
f 1481 	82 	1569
f 8 	1574 	20
f 1573 	1552 	1493
f 1421 	1483 	1568
f 1470 	1572 	773
f 1569 	720 	718
f 1577 	1571 	1576
f 1570 	1576 	1571
f 1421 	1266 	1483
f 1567 	9 	1239
f 1470 	1395 	1572
f 82 	720 	1569
f 1395 	1585 	1572
f 1562 	1548 	1582
f 58 	57 	1651
f 1574 	1571 	1578
f 1571 	1577 	1578
f 82 	84 	3
f 1489 	1493 	1552
f 84 	42 	3
f 34 	48 	1551
f 773 	1507 	1470
f 1581 	1576 	1575
f 86 	1562 	92
f 1582 	92 	1562
f 1573 	85 	240
f 1579 	579 	1502
f 1312 	1470 	1507
f 3 	720 	82
f 1573 	1493 	1645
f 1570 	1575 	1576
f 86 	95 	1562
f 1584 	1562 	95
f 85 	1573 	1645
f 1578 	1494 	1574
f 1013 	1001 	1583
f 776 	1572 	1585
f 1588 	1583 	1579
f 1576 	944 	1577
f 1566 	1553 	1584
f 945 	948 	1577
f 1582 	57 	92
f 1579 	1502 	1588
f 862 	1585 	1621
f 1499 	1587 	141
f 1580 	1590 	1591
f 1586 	1580 	1591
f 1592 	1593 	1212
f 1566 	1584 	95
f 1566 	95 	1518
f 1590 	1311 	1591
f 1594 	1013 	1583
f 1580 	1599 	1590
f 1499 	141 	6
f 1024 	1013 	1594
f 1002 	1592 	1212
f 1597 	1594 	1583
f 1587 	1598 	267
f 1217 	1592 	1002
f 1588 	1597 	1583
f 1659 	1406 	1596
f 1554 	1597 	1588
f 1499 	1503 	1587
f 1597 	1554 	1560
f 1503 	1598 	1587
f 1601 	29 	30
f 1605 	1030 	1024
f 1610 	1030 	1605
f 1024 	1594 	1605
f 1595 	1698 	1606
f 1586 	1591 	1589
f 35 	29 	1601
f 35 	1601 	1608
f 1594 	1597 	1607
f 1607 	1605 	1594
f 1503 	1469 	1598
f 1600 	1589 	1591
f 1606 	1604 	1595
f 1469 	1528 	1598
f 1597 	1560 	1607
f 1490 	1603 	1596
f 587 	1037 	1610
f 1599 	1703 	650
f 1592 	35 	1608
f 1592 	1608 	1593
f 1607 	1514 	1605
f 1229 	650 	1697
f 1610 	1605 	1514
f 8 	1602 	1606
f 976 	1647 	1645
f 1568 	1514 	1607
f 1309 	1591 	1311
f 1568 	1607 	1560
f 581 	35 	1592
f 1490 	1596 	1406
f 1311 	1590 	1599
f 787 	1603 	796
f 1591 	1321 	1600
f 1591 	1309 	1321
f 976 	1009 	1647
f 1328 	1325 	1614
f 1490 	1519 	1603
f 882 	26 	1009
f 1613 	1614 	1325
f 1617 	1619 	1613
f 1592 	1217 	581
f 796 	1603 	1519
f 149 	148 	1616
f 1615 	1616 	148
f 1620 	155 	1616
f 1614 	1613 	1619
f 1622 	1619 	1617
f 1618 	1622 	1617
f 947 	56 	28
f 904 	36 	77
f 1622 	1438 	1619
f 1625 	1626 	1624
f 1623 	1624 	1626
f 1611 	1604 	1612
f 1615 	1612 	1604
f 1616 	1615 	1604
f 1609 	1604 	1611
f 1604 	1606 	1616
f 1638 	1639 	1633
f 36 	1022 	39
f 1606 	1636 	1616
f 1602 	1636 	1606
f 1622 	1628 	1631
f 1628 	1627 	1631
f 1618 	1628 	1622
f 1630 	1631 	1627
f 1633 	1623 	1626
f 1633 	1626 	1634
f 1443 	1438 	1630
f 39 	1022 	988
f 81 	1635 	73
f 1478 	1482 	1636
f 1620 	1616 	1636
f 1478 	1636 	1602
f 32 	1625 	21
f 1635 	1637 	1629
f 73 	1635 	1629
f 157 	1612 	148
f 1615 	148 	1612
f 1622 	1631 	1438
f 1365 	1632 	1621
f 155 	1620 	1636
f 1345 	1630 	1338
f 1627 	1338 	1630
f 994 	6 	13
f 1333 	1638 	1329
f 1623 	1633 	1639
f 21 	1624 	5
f 1639 	5 	1624
f 1624 	1623 	1639
f 1630 	1345 	1443
f 1632 	1365 	1414
f 1325 	1300 	1640
f 1626 	1625 	1641
f 1626 	1641 	1642
f 1640 	1613 	1325
f 988 	994 	13
f 739 	1640 	1382
f 1621 	1350 	1365
f 1612 	1704 	1611
f 63 	1704 	1612
f 81 	601 	1224
f 6 	994 	840
f 1617 	1613 	1643
f 1640 	1643 	1613
f 1639 	1239 	5
f 9 	5 	1239
f 1611 	78 	12
f 12 	1609 	1611
f 1617 	1643 	1618
f 1640 	745 	1643
f 1224 	1635 	81
f 1624 	21 	1625
f 745 	1640 	739
f 63 	1612 	200
f 157 	200 	1612
f 1646 	1627 	1628
f 1646 	1338 	1627
f 1632 	1414 	1644
f 1647 	88 	85
f 32 	38 	1625
f 1628 	1643 	1646
f 1618 	1643 	1628
f 1643 	745 	747
f 1645 	1647 	85
f 747 	1646 	1643
f 8 	1606 	1698
f 1634 	1626 	1649
f 1642 	1649 	1626
f 1390 	1338 	1646
f 763 	1646 	747
f 1637 	1635 	1020
f 1698 	1595 	1604
f 88 	1647 	26
f 1414 	1416 	1644
f 1239 	1639 	1638
f 1239 	1638 	665
f 763 	1390 	1646
f 1416 	1648 	1644
f 1330 	1329 	1634
f 1009 	26 	1647
f 1633 	1329 	1638
f 1609 	12 	1604
f 1212 	1593 	1540
f 1649 	1335 	1634
f 13 	6 	122
f 1563 	1540 	1593
f 1650 	1648 	1424
f 1638 	1333 	665
f 155 	1636 	1482
f 30 	105 	1601
f 1549 	1601 	105
f 1651 	1557 	48
f 1601 	1549 	1608
f 1593 	1608 	1563
f 1416 	1424 	1648
f 1653 	1680 	1650
f 1654 	53 	60
f 1653 	1688 	1680
f 1629 	1637 	1575
f 1581 	1575 	1637
f 1651 	1652 	1656
f 1557 	1651 	57
f 1656 	58 	1651
f 1655 	1656 	1652
f 45 	53 	1369
f 1373 	1653 	1650
f 1688 	1653 	1659
f 1655 	167 	1656
f 1477 	1559 	1657
f 1657 	1520 	1477
f 53 	1654 	700
f 1658 	700 	1654
f 1424 	1373 	1650
f 700 	1369 	53
f 167 	170 	1656
f 1496 	1657 	1683
f 1379 	1659 	1653
f 1657 	1496 	1661
f 117 	1681 	1383
f 1655 	1652 	1662
f 1657 	1661 	1520
f 1655 	1662 	167
f 1379 	1406 	1659
f 1348 	1520 	1661
f 117 	1383 	1664
f 1664 	1383 	1663
f 862 	776 	1585
f 1621 	866 	862
f 1661 	1441 	1348
f 1621 	1632 	866
f 1652 	1660 	1662
f 723 	1665 	1383
f 1663 	1383 	1665
f 1468 	1505 	1666
f 723 	1358 	1665
f 1666 	1188 	1468
f 60 	143 	1654
f 1600 	1658 	1589
f 1188 	1666 	1206
f 1654 	1589 	1658
f 1669 	1660 	1708
f 1600 	1321 	1658
f 1632 	1667 	866
f 931 	1668 	941
f 1484 	1478 	20
f 1484 	20 	1670
f 137 	1664 	38
f 1642 	1641 	1663
f 1358 	1335 	1665
f 1665 	1649 	1663
f 1642 	1663 	1649
f 1664 	1663 	1641
f 1667 	1668 	931
f 1484 	1670 	1505
f 1660 	1669 	1671
f 1662 	1660 	1671
f 1669 	1100 	1671
f 1644 	1668 	1667
f 1526 	1666 	1505
f 1672 	152 	353
f 1662 	1671 	1225
f 1526 	1505 	1670
f 45 	1672 	353
f 1632 	1644 	1667
f 1105 	1671 	1100
f 1369 	1672 	45
f 1668 	1673 	941
f 1494 	1670 	20
f 1708 	1100 	1669
f 1673 	955 	941
f 1648 	1673 	1668
f 1542 	1543 	1675
f 1672 	809 	152
f 1671 	1105 	1225
f 1674 	1676 	1675
f 1668 	1644 	1648
f 1542 	1675 	1547
f 1679 	1547 	1675
f 1685 	1679 	1676
f 1680 	958 	955
f 1680 	1688 	958
f 728 	1681 	169
f 1680 	955 	1673
f 1683 	1547 	1679
f 1674 	1684 	1676
f 728 	821 	1681
f 1673 	1648 	1650
f 1675 	1676 	1679
f 1681 	74 	169
f 1673 	1650 	1680
f 105 	104 	1674
f 1687 	1678 	1686
f 1678 	1677 	1686
f 1677 	1682 	1686
f 104 	1684 	1674
f 1679 	1685 	1683
f 117 	74 	1681
f 1559 	1547 	1657
f 1683 	1657 	1547
f 1236 	1687 	550
f 1676 	1684 	65
f 64 	65 	1684
f 67 	1685 	65
f 1676 	65 	1685
f 254 	1691 	1690
f 892 	1688 	1659
f 1686 	1682 	1692
f 1694 	1690 	1693
f 1691 	1693 	1690
f 104 	34 	1684
f 64 	1684 	34
f 186 	550 	1692
f 1696 	1693 	1695
f 1693 	1691 	1695
f 67 	1425 	1685
f 1553 	1425 	67
f 892 	1659 	1596
f 262 	254 	142
f 1689 	1697 	1695
f 1689 	1695 	259
f 895 	892 	1596
f 1182 	1174 	1687
f 1603 	895 	1596
f 1387 	1699 	89
f 1571 	1574 	1698
f 1142 	1699 	1387
f 142 	1690 	143
f 1694 	143 	1690
f 20 	1478 	1602
f 1697 	1696 	1695
f 1604 	14 	1698
f 1586 	1693 	1580
f 1699 	679 	89
f 14 	1570 	1698
f 1151 	1702 	1142
f 1696 	1703 	1693
f 1151 	2 	1702
f 1586 	1694 	1693
f 1702 	1699 	1142
f 1611 	1701 	78
f 73 	78 	1701
f 1702 	680 	1699
f 1599 	1580 	1703
f 1580 	1693 	1703
f 2 	638 	1702
f 1702 	638 	680
f 1694 	1586 	143
f 1589 	143 	1586
f 1701 	1704 	1700
f 1697 	1703 	1696
f 251 	1541 	1689
f 1705 	1700 	1704
f 1707 	1706 	1705
f 1701 	1611 	1704
f 1704 	63 	200
f 1541 	1229 	1689
f 1689 	1229 	1697
f 1704 	200 	1705
f 1697 	650 	1703
f 1700 	1706 	73
f 81 	73 	1706
f 1700 	1705 	1706
f 1682 	24 	1706
f 81 	1706 	24
f 1567 	15 	9
f 1682 	1706 	1692
f 1707 	1692 	1706
f 1707 	186 	1692
f 1707 	1705 	186
f 1651 	48 	1652
f 48 	33 	1652
f 29 	35 	1708
f 1660 	1652 	29
f 1708 	1660 	29
f 1678 	24 	1677
f 24 	1682 	1677
f 1700 	73 	1701
# 3412 faces

 #end of obj_0

